"year","month","site","fish_total_biomass","fish_mean_biomass","invert_total_biomass","invert_mean_biomass","algae_total_biomass","algae_mean_biomass","kelp_total_biomass","kelp_mean_biomass","fish_diversity","invert_diversity","algae_diversity"
2000,9,"BULL",15.92475,0.0947901785714286,5815.15702937884,18.8192784122292,1044.07095833333,6.17793466469428,290.252666666667,96.750888888889,0,0.131777201794349,0.651687498155676
2000,9,"CARP",11.9391,0.0266497767857143,18480.9573622149,22.4283463133676,360.655958333333,0.790912189327485,492.435,61.554375,0,0.533975755867274,0.534445028308621
2000,9,"NAPL",120.5028,0.268979464285714,6003.63259317691,7.28596188492344,230.355083333333,0.505164656432749,0.193333333333333,0.0276190476190476,0.153341850743404,0.574254532454519,0.73066596556013
2001,8,"ABUR",4.65885,0.0358373076923077,24.9290518813207,0.121014814957867,331.054458333333,2.90398647660819,1200.49,600.245000000002,0.161615181149749,0.736523022635942,0.81530406397118
2001,8,"AHND",20.54535,0.158041153846154,70.3879178201197,0.341688921456892,386.84,3.39333333333333,114.365666666666,57.1828333333332,0.178867064039144,0.502947950331501,0.87715078643666
2001,8,"AQUE",113.45715,0.349098923076923,7932.22821731109,15.4023848879827,521.743208333333,1.83067792397661,548.979666666666,109.795933333333,0.132168532770942,0.580998698529679,0.772638841812108
2001,8,"BULL",45.1299,0.242633870967742,8532.78712878327,27.6141978277776,548.743416666667,3.20902582846004,34.5566666666667,11.5188888888889,0.14835335575401,0.0695107590963767,0.501883988839278
2001,8,"CARP",98.60085,0.189617019230769,41544.7838022404,50.4184269444665,258.75,0.567434210526316,339.627333333333,42.4534166666666,0.00235065867604289,0.229831817269875,0.642696156269691
2001,8,"GOLB",3.963975,0.0304921153846154,3685.27286201618,17.8896740874572,123.08775,1.07971710526316,1511.41266666667,755.706333333334,0.0121478838814588,0.300585776709576,0.757673275016015
2001,8,"IVEE",3.80205,0.0292465384615385,6298.72682654442,30.5763438181768,317.092416666667,2.78151242690058,341.392333333334,170.696166666667,0.195789537133375,0.0395145583965504,0.6553025895707
2001,8,"MOHK",12.580425,0.0967725,1074.5050194862,5.21604378391358,139.366583333333,1.22251388888889,1770.85266666667,885.426333333335,0.116888148402947,0.489192768247806,0.836365135336953
2001,8,"NAPL",175.971675,0.338407067307692,4684.153413078,5.68465220033738,223.579125,0.490305098684211,2.742,0.34275,0.0697762246265872,0.576970609804567,0.681861273001101
2002,8,"ABUR",1.113075,0.00856211538461538,5.95174758692066,0.0288919785772847,188.805416666667,1.65618786549708,769.672,384.836,0.172706326619247,0.597015495452721,0.823219226095196
2002,8,"AHND",15.63405,0.240523846153846,66.7291943852008,0.647856256166998,83.88175,1.47160964912281,378.35,378.35,0.0544708386813954,0.679974204530814,0.415678910504805
2002,8,"AQUE",71.7716625,0.184029903846154,3733.59348577768,6.04141340740725,925.167375,2.70516776315789,5684.372,947.395333333333,0.192310279956251,0.107851585995506,0.558493538792318
2002,8,"BULL",24.6540375,0.126430961538462,9689.45090707588,31.3574463012164,732.834708333333,4.28558308966862,612.812666666667,204.270888888889,0.0159033466339868,0.0791502197500831,0.736342172408724
2002,8,"CARP",28.533225,0.0548715865384615,41941.9259784083,50.9003956048645,436.41775,0.957056469298246,1524.79,190.59875,0.00641390180621926,0.215321853070113,0.775853167394757
2002,8,"GOLB",5.2090125,0.0400693269230769,15344.2249050727,74.4865286654016,108.54,0.952105263157895,1616.36733333333,808.183666666667,0.0770611761889695,0.0109284604046342,0.690112353305838
2002,8,"IVEE",4.7347125,0.0364208653846154,10291.8483980747,49.9604291168673,107.905166666667,0.946536549707602,392.367666666667,196.183833333333,0.00510337782793124,0.02263687894513,0.669211444542595
2002,8,"MOHK",38.4336,0.295643076923077,746.37951666643,3.62320153721568,147.247666666667,1.29164619883041,1916.613,958.3065,0.0865245882045023,0.566634611808419,0.7301434125901
2002,8,"NAPL",201.8854125,0.388241177884615,4380.30916496037,5.31590918077714,517.968791666667,1.13589647295322,295.851,36.981375,0.168920349803718,0.661797851270441,0.783595236967542
2002,9,"AHND",0.0924375,0.00142211538461538,0.1356594625,0.00131708216019417,17.4875,0.306798245614035,0,0,0.499976218787158,0,0.670408404655424
2003,8,"ABUR",5.5749375,0.0428841346153846,4.28538032554612,0.0208028171143016,116.849,1.02499122807018,54.208,27.104,0.0717775247539965,0.400800424813992,0.706903211545886
2003,8,"AHND",0.763725,0.00587480769230769,147.950553594779,0.718206570848441,290.601125,2.5491326754386,269.942333333333,134.971166666667,0.07413162170674,0.44182852213669,0.698465753305875
2003,8,"AQUE",9.602025,0.0246205769230769,2822.99187156558,4.56794801224203,506.338333333333,1.48052144249513,6268.07666666666,1044.67944444444,0.310525153580665,0.169551720764548,0.610390156723783
2003,8,"BULL",1.20615,0.00618538461538462,10993.9913839222,35.5792601421429,792.942041666667,4.63708796296296,1758.09266666667,586.030888888889,0.274003370148707,0.0311940633551324,0.67060140113636
2003,8,"CARP",7.4249625,0.0142787740384615,45116.5865038868,54.7531389610276,903.260375,1.98083415570175,1499.04766666667,187.380958333334,0.145067759072736,0.202773398390293,0.859860050327676
2003,8,"GOLB",0.2454375,0.00188798076923077,2664.10762390666,12.9325612811003,352.647041666667,3.09339510233918,1967.58633333334,983.793166666669,0.493762860516107,0.0731056949916629,0.439840967594683
2003,8,"IVEE",1.141125,0.00877788461538461,2577.7004736097,12.5131090951927,121.711791666667,1.06764729532164,341.920333333333,170.960166666667,0.522099185418682,0.121965386936786,0.618205884288403
2003,8,"MOHK",6.047325,0.0465178846153846,628.271517172546,3.04986173384731,227.545708333333,1.99601498538012,2610.401,1305.2005,0.233917720396146,0.761092233843915,0.837138883243698
2003,8,"NAPL",59.495325,0.114414086538462,4161.66259677923,5.05056140385829,1124.52433333333,2.46606213450292,4947.33166666666,618.416458333333,0.275050197822868,0.552473996072971,0.389721949327785
2004,7,"ABUR",0.4851375,0.00373182692307692,2.0766659984948,0.0100809029053145,190.72325,1.67301096491228,76.7946666666667,38.3973333333333,0.41103672634907,0.734238902980648,0.358286302297085
2004,7,"AHND",227.9891625,1.75376278846154,133.114042332562,0.646184671517289,130.313791666667,1.14310343567251,318.895,159.4475,0.0213704462240319,0.647013524252894,0.8445645311422
2004,7,"AQUE",24.4640625,0.0627283653846154,2016.62896578001,3.2631536663107,500.166375,1.46247478070175,3021.98333333333,503.663888888889,0.631354001931055,0.233148269457874,0.588330715075133
2004,7,"BULL",1.7958375,0.00920942307692308,5376.33020683591,17.3991268829641,1114.70504166667,6.5187429337232,71.7763333333333,23.9254444444444,0.283187589321843,0.0453866718076862,0.673452007526195
2004,7,"CARP",20.741475,0.0508369485294118,30118.8669311807,36.5520229747338,852.154291666667,1.86875941154971,2686.77566666667,335.846958333333,0.556735601481786,0.240654351884916,0.800003153371094
2004,7,"GOLB",0.6802125,0.0377895833333333,19682.5808052871,95.5465087635297,299.081916666667,2.62352558479532,244.270666666667,122.135333333334,0.0457624096499836,0.010026404816127,0.358535424029387
2004,7,"IVEE",0.3742125,0.0207895833333333,4379.73153121471,21.2608326757996,160.770541666667,1.41026790935673,413.143666666667,206.571833333334,0.0433120797285884,0.0332637812966379,0.726373729204152
2004,7,"MOHK",2.1630375,0.01663875,511.059164883972,2.48086973244647,306.125875,2.68531469298246,1524.64666666666,762.323333333331,0.144004112417784,0.67471970184076,0.816782321008236
2004,7,"NAPL",48.54945,0.0933643269230769,3451.19311366432,4.18834115735962,845.837958333333,1.85490780336257,3760.69933333333,470.087416666667,0.436152115105393,0.672104196541153,0.659911775300887
2004,8,"SCDI",59.6464125,0.458818557692308,209.869510162605,1.01878402991556,254.294041666667,2.23064948830409,6.486,6.486,0.154042852784496,0.834363166589021,0.775378805321043
2004,8,"SCTW",24.87015,0.191308846153846,1126.37397682986,5.46783483897989,77.813125,0.682571271929825,0,0,0.16055187661014,0.700539076363997,0.733576654484893
2005,7,"ABUR",3.41445,0.026265,8.33234524234181,0.0404482778754457,661.599833333333,5.80350730994152,353.539,176.7695,0.37376995416976,0.818944666344507,0.781189753200941
2005,7,"AHND",5.2179375,0.0401379807692308,69.4402566580801,0.337088624553787,69.4075416666667,0.608838084795322,600.807333333333,300.403666666667,0.0420807614387657,0.835145158200958,0.783589058790094
2005,7,"AQUE",26.1681,0.0783476047904192,1597.17514969529,2.58442580856842,267.12475,0.781066520467836,1804.96233333333,300.827055555555,0.499312103002675,0.258246093130608,0.701728791987269
2005,7,"BULL",7.70355,0.0395053846153846,11034.0638698488,35.7089445626176,918.43125,5.37094298245614,1080.30566666667,360.101888888889,0.456115149377507,0.0507873291920431,0.463317950410258
2005,7,"CARP",64.8210375,0.139700511853448,30753.9631355443,37.3227707955635,1011.43691666667,2.21806341374269,6549.45066666666,818.681333333332,0.54524828506511,0.192353646361416,0.75292984241565
2005,7,"IVEE",12.70155,0.0977042307692308,4524.11725070937,21.9617342267445,102.640333333333,0.900353801169591,982.629,491.3145,0.108331530323158,0.0393091605547223,0.23896942796355
2005,7,"MOHK",22.201575,0.170781346153846,800.937315885187,3.88804522274363,363.710291666667,3.19044115497076,469.996,234.998,0.157681631265094,0.679214623780239,0.623238904842373
2005,7,"NAPL",112.3740375,0.216103918269231,2485.5178172814,3.01640511805995,1184.97208333333,2.59862298976608,4132.686,516.58575,0.477064862468012,0.735190414855467,0.420446295348748
2005,7,"SCDI",11.7147,0.0901130769230769,199.455904274552,0.968232545022096,445.82625,3.91075657894737,0.193333333333333,0.0966666666666665,0.407776374097387,0.850368169058221,0.485551685955115
2005,7,"SCTW",17.4732375,0.134409519230769,836.546320051973,4.06090446627171,43.564375,0.382143640350877,2.162,1.081,0.283088595256331,0.571896892137417,0.608971246465995
2005,8,"GOLB",0.1230375,0.00683541666666667,115.369610525777,0.560046653037753,337.18325,2.95774780701754,261.874333333333,130.937166666667,0,0.676129591526005,0.426301406296759
2006,7,"ABUR",2.4180375,0.0186002884615385,1.22705201204495,0.00595656316526672,364.97,3.20149122807018,16.795,8.3975,0.551462519694201,0.633299955564532,0.852306834693966
2006,7,"AHND",8.9090625,0.06853125,63.4838868205389,0.308174207866694,133.411,1.17027192982456,416.844,208.422,0.186095912391473,0.835573833098243,0.804203828843793
2006,7,"AQUE",80.0719125,0.205312596153846,2169.16284291085,3.50997223771982,478.148583333333,1.39809527290448,2845.01533333334,474.169222222223,0.263392981502711,0.246608690463065,0.727321859501086
2006,7,"BULL",6.20415,0.0318161538461538,10413.1852063122,33.6996284993921,849.332416666667,4.96685623781676,798.243666666667,266.081222222222,0.488592237438063,0.0488601565762126,0.518950200528031
2006,7,"CARP",158.1981375,0.3042271875,35051.6025106202,42.5383525614323,490.666375,1.07602275219298,4206.47666666667,525.809583333333,0.414037048548877,0.16901667907609,0.852614865844002
2006,7,"GOLB",5.807625,0.0446740384615385,3118.37828118354,15.137758646522,283.301958333333,2.48510489766082,393.378,196.689,0.0369787726783635,0.0358443243988305,0.678569982830555
2006,7,"IVEE",9.0875625,0.0699043269230769,3207.44923166714,15.5701419012968,204.877375,1.79716995614035,746.513666666666,373.256833333333,0.366820594126548,0.0474729257592403,0.67405788552096
2006,7,"MOHK",46.740225,0.359540192307692,484.919274428181,2.35397706033098,699.154291666667,6.13293238304094,1004.70433333333,502.352166666667,0.15434829629992,0.606022867518779,0.603377680468727
2006,7,"NAPL",101.0616,0.194349230769231,3588.45355960017,4.35491936844681,2392.86345833333,5.24750758406433,1742.703,217.837875,0.252323929145795,0.701435402759653,0.33976784556712
2006,7,"SCDI",55.583625,0.427566346153846,258.564154568555,1.25516579887648,263.38125,2.31036184210526,0.193333333333333,0.0966666666666665,0.264673202697346,0.829177404700879,0.496707776669962
2006,7,"SCTW",22.382625,0.172174038461538,595.895930058622,2.89269868960496,66.32625,0.581809210526316,36.754,18.377,0.373500227668731,0.57325697655726,0.554343493150996
2007,7,"ABUR",0.646425,0.0049725,18.0613517890911,0.0876764649955877,693.575875,6.08399890350877,109.224666666667,54.6123333333335,0.483357258732771,0.803308343928007,0.724213031315629
2007,7,"AHND",138.38655,1.06451192307692,62.5408773794358,0.303596492133184,26.60875,0.233410087719298,1072.352,536.176,0.298466122608748,0.825920558853514,0.382597544449141
2007,7,"AQUE",494.0253,1.26673153846154,3199.30595878421,5.1768704834696,297.303416666667,0.869308235867446,2834.382,472.397,0.160039467676018,0.227906448371875,0.566036526705025
2007,7,"BULL",7.1788875,0.0368148076923077,8726.33610550363,28.2405699207237,1078.322625,6.3059802631579,1420.70633333333,473.568777777778,0.483831633596501,0.0548862488591769,0.410406004690023
2007,7,"CARP",44.8618875,0.0862728605769231,35372.9447531223,42.9283310110707,931.362708333333,2.04246207967836,4733.431,591.678875,0.247545659829154,0.121040698547814,0.853922647571734
2007,7,"GOLB",3.55725,0.0273634615384615,927.628957580056,4.50305319213619,162.422875,1.42476206140351,1860.401,930.2005,0.423123032849013,0.188390629681899,0.556657297860306
2007,7,"IVEE",2.1349875,0.0164229807692308,3863.58811948811,18.7552821334374,206.84975,1.81447149122807,1375.41866666667,687.709333333333,0.386017904561609,0.0902358517484124,0.0284435744595771
2007,7,"MOHK",22.803375,0.175410576923077,2618.99342053714,12.7135602938696,525.582166666667,4.61036988304094,1904.722,952.361,0.126444693831439,0.342647367167364,0.24056672194278
2007,7,"NAPL",178.5427875,0.343351514423077,4648.28080152161,5.64111747757477,2693.11658333333,5.90595741959064,2421.36933333333,302.671166666667,0.539829067240711,0.707210166312473,0.224598959275867
2007,7,"SCDI",60.841725,0.468013269230769,391.333124689767,1.89967536257169,351.845416666666,3.08636330409356,1.54666666666667,0.773333333333333,0.30970234200139,0.639382103154702,0.51000475429486
2007,7,"SCTW",87.927825,0.676367884615385,664.295147216664,3.22473372435274,127.633625,1.11959320175439,16.6806666666667,8.34033333333333,0.0415284577720911,0.437123131754844,0.696996408891803
2008,7,"ABUR",27.6005625,0.212312019230769,21.0379808202783,0.102126120486788,597.25725,5.23909868421053,589.145,294.5725,0.144377237989759,0.647579935020189,0.714134404760564
2008,7,"AHND",13.903575,0.106950576923077,173.278636331967,0.841158428795957,321.591541666667,2.82097843567251,408.117,204.0585,0.186891842019688,0.657267423944384,0.532287556486824
2008,7,"AQUE",25.363575,0.0650348076923077,3256.31884525679,5.26912434507571,879.122208333333,2.57053277290448,2233.70566666667,372.284277777778,0.4537683496062,0.257350492371359,0.617859847684461
2008,7,"BULL",3.0753,0.0157707692307692,7902.77902437922,25.5753366484764,1134.28054166667,6.63321954191033,760.215333333333,253.405111111111,0.209028104364854,0.0541451890937217,0.535062604499547
2008,7,"CARP",27.3493875,0.0525949759615385,23739.8481233176,28.8104952952883,1488.16895833333,3.26352841739766,9540.21800000001,1192.52725,0.265134914045913,0.167379711866783,0.766989669012791
2008,7,"GOLB",5.7865875,0.0445122115384615,4648.31177470242,22.5646202655457,331.387916666667,2.9069115497076,522.166666666667,261.083333333333,0.171800225723566,0.0435640725680364,0.501485347436038
2008,7,"IVEE",1.26735,0.00974884615384615,4141.23762159041,20.1030952504389,427.452291666667,3.74958150584796,812.841333333333,406.420666666667,0.136094231384281,0.0581394335401582,0.60265016156459
2008,7,"MOHK",12.8717625,0.0990135576923077,792.183764713298,3.8455522558898,549.272458333334,4.81817945906433,1549.48466666667,774.742333333333,0.499267152965834,0.641166845101614,0.617882460222728
2008,7,"NAPL",109.7211,0.422004230769231,1527.3207692035,3.70708924563955,1453.69795833333,6.37586823830409,366.502666666667,91.6256666666667,0.53140664552164,0.750470815663761,0.258570515678674
2008,7,"SCDI",41.0989875,0.316146057692308,326.392136155292,1.58442784541404,413.81875,3.62998903508772,82.3493333333333,41.1746666666667,0.0988591336270048,0.734280396429692,0.485007096726588
2008,7,"SCTW",160.890975,1.23762288461538,358.540392648872,1.74048734295569,141.748875,1.24341118421053,539.076,269.538,0.0933800965690463,0.720020788870339,0.71542047372131
2008,8,"NAPL",30.88815,0.118800576923077,1980.23495747016,4.80639552784018,561.758458333333,2.4638528874269,670.764666666667,167.691166666667,0.171383364045371,0.664127591549635,0.508475867566826
2009,7,"ABUR",1.1430375,0.00879259615384615,12.2255464942588,0.0593473130789262,419.78925,3.68236184210526,41.078,20.539,0.513832531481261,0.775413264860775,0.800640333211722
2009,7,"AHND",1.0219125,0.00786086538461538,225.298947822705,1.09368421273158,115.012208333333,1.00887902046784,271.489,135.7445,0.367423993300148,0.472150022241005,0.773809483913874
2009,7,"AQUE",109.862775,0.281699423076923,3198.72454427513,5.17592968329309,583.194833333333,1.70524805068226,1951.16966666667,325.194944444445,0.766261601964928,0.404866135892258,0.676555080817352
2009,7,"BULL",9.0697125,0.0465113461538462,10085.7397332928,32.6399344119508,1088.17791666667,6.36361354775828,1509.54166666667,503.180555555555,0.0892940104021527,0.0924703566165948,0.381117698836355
2009,7,"CARP",89.105025,0.171355817307692,17128.031395602,20.786445868449,1297.03808333333,2.84438176169591,2543.169,317.896125,0.542303454408058,0.322070236800925,0.823950390700527
2009,7,"GOLB",12.7374,0.09798,4521.930084894,21.9511169169612,124.483666666667,1.09196198830409,1364.60866666667,682.304333333333,0.387418885145637,0.0436907243967597,0.615266261484778
2009,7,"IVEE",2.5289625,0.0194535576923077,4433.97775478983,21.5241638582031,354.492708333334,3.10958516081872,1012.00933333333,506.004666666666,0.305995600584072,0.132330789061618,0.163362157387495
2009,7,"MOHK",8.7101625,0.06700125,812.035737808053,3.94192105732065,302.241541666667,2.65124159356725,1600.961,800.4805,0.280000432189044,0.628240036703251,0.52352868339406
2009,7,"NAPL",131.69115,0.253252211538462,4295.66684183143,5.21318791484397,2037.38733333333,4.46795467836257,447.621333333333,55.9526666666667,0.468366127358171,0.696452524473728,0.401193634284703
2009,7,"SCDI",205.5548625,1.58119125,359.091285365441,1.74316157944389,758.502291666666,6.653528874269,64.7456666666666,32.3728333333333,0.141067164508639,0.786165631553911,0.298484056621464
2009,7,"SCTW",87.6632625,0.674332788461538,572.495913910086,2.7791063782043,131.802416666667,1.1561615497076,1367.623,683.8115,0.101965665402939,0.737902271407663,0.546172871548141
2010,7,"ABUR",4.34265,0.033405,2.45562800239222,0.0119205242834574,442.751208333333,3.88378252923977,36.754,18.377,0.415261236345381,0.472692835569692,0.822186095278769
2010,7,"AHND",12.340725,0.0949286538461538,208.821805251204,1.01369808374371,193.207666666667,1.69480409356725,39.8826666666667,19.9413333333334,0.282249676331493,0.619860779196441,0.742686052600467
2010,7,"AQUE",28.948875,0.0742278846153846,4994.41378496888,8.08157570383313,733.478333333333,2.14467348927875,114.137,19.0228333333333,0.399029009759668,0.368822264775149,0.734196826373125
2010,7,"BULL",1.702125,0.00872884615384615,11186.3291533546,36.2017124704031,1182.68804166667,6.91630433723197,1197.63366666667,399.211222222222,0.275273885171625,0.0750939768272235,0.535197421517235
2010,7,"CARP",82.5954,0.158837307692308,26024.2347687901,31.5828091854248,842.321666666667,1.8471966374269,877.235666666667,109.654458333333,0.385416983382801,0.216241024069294,0.800246290213846
2010,7,"GOLB",1.8901875,0.0145399038461538,876.938771671662,4.29871946897873,321.256125,2.81803618421053,401.947,200.9735,0.445847990467768,0.300331044670039,0.742277783938459
2010,7,"IVEE",0.2645625,0.00203509615384615,1415.92728288739,6.8734334120747,139.4975,1.22366228070175,46.8696666666667,23.4348333333334,0.415108143417042,0.533905685637641,0.487335885393775
2010,7,"MOHK",44.3464125,0.34112625,926.701027733135,4.49854867831619,354.589791666667,3.11043676900585,1015.69733333333,507.848666666667,0.443126960806027,0.496237116300748,0.819250462275984
2010,7,"NAPL",178.570125,0.343404086538462,4173.46061680826,5.06487938933042,1650.936875,3.62047560307018,493.173,61.646625,0.43333817006801,0.74822607104906,0.645482872376243
2010,7,"SCDI",66.5900625,0.51223125,239.778518787938,1.16397339217446,745.730416666667,6.54149488304094,68.498,34.249,0.479973185216571,0.823268864805291,0.30408372303645
2010,7,"SCTW",92.2698375,0.709767980769231,897.409437993342,4.35635649511331,220.5985,1.93507456140351,1505.26133333333,752.630666666665,0.270853970875642,0.703558380454229,0.544988162218501
2011,7,"ABUR",2.06295,0.0158688461538462,33.8722024598011,0.164428167280588,918.354708333334,8.05574305555556,98.7576666666667,49.3788333333333,0.523158617286063,0.707101782596261,0.488059766874382
2011,7,"AHND",4.5645,0.0351115384615385,195.338148516384,0.94824343939992,415.48875,3.64463815789474,84.2826666666667,42.1413333333333,0.601154653412815,0.706365032194921,0.727208206483101
2011,7,"AQUE",66.45555,0.170398846153846,4182.6076270755,6.76797350659466,804.506333333334,2.35235769980507,725.43,120.905,0.179279585879072,0.35549999720488,0.602644509471196
2011,7,"BULL",1.99665,0.0102392307692308,7562.5993804194,24.4744316518427,925.689708333333,5.41339010721247,109.181,36.3936666666667,0.237812128418549,0.0442786404468913,0.69799391419845
2011,7,"CARP",36.8545125,0.0708740625,16699.3824347834,20.2662408189119,581.750791666667,1.27576927997076,1269.06966666667,158.633708333333,0.422521882535237,0.320752495809954,0.753137052462359
2011,7,"GOLB",2.961825,0.0227832692307692,398.213940226403,1.93307737973982,239.66125,2.10229166666667,562.005666666666,281.002833333333,0.355683280244774,0.353026941789674,0.71829396078854
2011,7,"IVEE",31.057425,0.238903269230769,2640.96479626355,12.8202174575901,79.1570833333333,0.694360380116959,9.729,4.8645,0.21146715089977,0.342923997416231,0.697271202256267
2011,7,"MOHK",68.0308125,0.523313942307692,843.619798763684,4.09524174157128,93.8545416666667,0.823285453216375,1989.23333333333,994.616666666665,0.278229426635103,0.5624931575978,0.761489231288444
2011,7,"NAPL",142.4474625,0.273937427884615,3810.38850731,4.62425789722087,1324.74733333333,2.90514766081871,408.741333333333,51.0926666666667,0.461444128756118,0.692608015671239,0.788613077482855
2011,7,"SCDI",80.5054125,0.619272403846154,734.328618425002,3.56470203118933,522.19275,4.58063815789474,14.1146666666667,7.05733333333334,0.112563314410821,0.417490751876927,0.33211878366154
2011,7,"SCTW",167.617875,1.28936826923077,779.857371997939,3.78571539804825,128.385166666667,1.12618567251462,693.476,346.738,0.17780555351723,0.533671234154478,0.678818583271573
2011,10,"IVEE",34.46835,0.106056461538462,2538.0598234554,4.92827150185514,451.027541666667,1.58255277777778,2866.358,573.271599999999,0.247217775556009,0.312542958081743,0.764375077365745
2012,7,"ABUR",1.6747125,0.0128824038461538,44.292082562146,0.215010109524981,517.685541666667,4.54110124269006,697.306666666667,348.653333333333,0.676378314330887,0.502142481597438,0.651963745267373
2012,7,"AHND",15.8680125,0.122061634615385,83.9865230030564,0.407701567976002,345.041041666667,3.02667580409357,439.196,219.598,0.346365979865698,0.822869293925554,0.827193602535488
2012,7,"AQUE",26.6373,0.0683007692307692,4096.53321821474,6.62869452785557,1246.18366666667,3.64381189083821,1891.67566666667,315.279277777778,0.258788390319053,0.489953897132426,0.645944678358095
2012,7,"BULL",0.28815,0.00147769230769231,2793.90037122536,9.04174877419211,1022.53466666667,5.97973489278752,1011.16833333333,337.056111111111,0.243088730519226,0.0738170068586466,0.629347769276024
2012,7,"CARP",16.40415,0.0315464423076923,16419.2403808652,19.9262625981374,723.553333333333,1.58673976608187,806.023333333333,100.752916666667,0.475414080601082,0.288598431267954,0.691389272377633
2012,7,"GOLB",44.279475,0.340611346153846,1526.40175051247,7.40971723549741,127.57,1.1190350877193,869.617333333334,434.808666666667,0.229126297634035,0.0944089400113166,0.497072898921771
2012,7,"IVEE",217.1957625,0.477353324175824,3555.02048201762,4.93068028019087,655.868875,1.64378164160401,1113.50633333333,159.072333333333,0.147342705564586,0.53378058445385,0.768379870773573
2012,7,"MOHK",33.7409625,0.259545865384615,909.221910312866,4.41369859375178,15.303375,0.134240131578947,1303.686,651.843,0.24957283896556,0.63935805500484,0.574596758083612
2012,7,"NAPL",168.7284,0.324477692307692,4003.67656441578,4.85883078205799,1572.23366666667,3.44788084795322,1061.14266666667,132.642833333333,0.477505938488401,0.56644514727207,0.789690936515246
2012,7,"SCDI",167.9729625,1.29209971153846,1269.82604220879,6.16420408839218,495.752916666666,4.34870979532163,1.20433333333333,0.602166666666665,0.068819400351873,0.314755245281618,0.440810640816325
2012,7,"SCTW",67.6814625,0.520626634615385,948.640127201888,4.60504916117422,133.8975,1.17453947368421,250.266,125.133,0.240387775988272,0.629410001920125,0.784332848794798
2013,7,"ABUR",6.100875,0.0469298076923077,12.8250785782525,0.0622576630012258,369.202291666667,3.23861659356725,567.525,283.7625,0.100483398464157,0.855328239332925,0.498594144633444
2013,7,"AHND",1.9845375,0.0152656730769231,50.9114732726576,0.247143074139115,51.8104166666667,0.454477339181287,914.526,457.263,0.588044147992796,0.838988335496736,0.764399046241357
2013,7,"AQUE",30.3214125,0.0777472115384615,2093.43298663886,3.38743201721498,319.643875,0.934631213450292,3824.888,637.481333333333,0.489105327581332,0.59334261388076,0.526409129462314
2013,7,"BULL",0.455175,0.00233423076923077,3231.37208826541,10.4575148487554,952.421166666666,5.56971442495126,1098.35766666667,366.119222222222,0.497140032483582,0.139476385001118,0.531179486918388
2013,7,"CARP",31.5772875,0.0607255528846154,15973.5518118821,19.3853784124783,666.331666666667,1.46125365497076,174.657666666667,21.8322083333333,0.183405182141292,0.26873997613368,0.800872866145697
2013,7,"GOLB",3.2538,0.0250292307692308,1253.4224199578,6.08457485416407,141.235,1.23890350877193,115.264333333333,57.6321666666666,0.517871762634998,0.145328890041475,0.786373326903031
2013,7,"IVEE",39.97425,0.0878554945054945,4743.73100191469,6.57937725646974,293.184958333333,0.734799394319131,2783.01266666667,397.573238095238,0.270444918809915,0.388777478171845,0.706036547396231
2013,7,"MOHK",26.062275,0.200479038461538,1412.75080003904,6.85801359242252,144.975833333333,1.27171783625731,816.895,408.4475,0.136578187284644,0.578469035638857,0.775231522015804
2013,7,"NAPL",248.8360125,0.478530793269231,3486.79884828802,4.23155200034954,1762.67895833333,3.86552403143275,1117.405,139.675625,0.667097561943337,0.73600306152417,0.707073387829261
2013,7,"SCDI",48.2785125,0.371373173076923,986.325181089138,4.78798631596669,482.18275,4.22967324561403,17.296,8.648,0.301546090089152,0.382311246253628,0.466854332612311
2013,7,"SCTW",84.7868625,0.652206634615385,501.425559669629,2.43410465859043,159.113416666667,1.3957317251462,277.886333333333,138.943166666667,0.302479090685491,0.577941116746936,0.703335493184261
2014,7,"ABUR",8.4577125,0.0650593269230769,5.8109239577359,0.0282083687268733,404.339083333333,3.54683406432749,226.730666666667,113.365333333333,0.0639401267025925,0.842623356679461,0.579756326652152
2014,7,"AHND",4.698375,0.0361413461538462,24.5490614260679,0.119170201097417,374.644166666667,3.28635233918129,39.5976666666667,19.7988333333333,0.314571118749413,0.802593438726795,0.595790629921823
2014,7,"AQUE",27.1900125,0.0697179807692308,4413.96705646365,7.14234151531335,857.202458333333,2.50643993664717,767.571333333334,127.928555555556,0.332299706299814,0.396566373616761,0.61213287745172
2014,7,"BULL",0.5629125,0.00288673076923077,1542.9887184205,4.99349099812459,808.149,4.72601754385965,1135.29666666667,378.432222222222,0.294861156178938,0.111485759658603,0.57292074176135
2014,7,"CARP",28.561575,0.0549261057692308,10579.9694785375,12.8397687846329,610.994375,1.33989994517544,456.026,57.00325,0.508772940100234,0.378007100724462,0.866602679166176
2014,7,"GOLB",1.4146125,0.0108816346153846,426.422361563787,2.07001146390188,450.039791666667,3.94771747076023,308.085,154.0425,0.422484256069453,0.358805988529001,0.500331962739689
2014,7,"IVEE",48.7056375,0.107045357142857,5615.89861773301,7.78904107868656,514.897333333333,1.29046950710109,3746.47266666667,535.210380952381,0.252089563139487,0.17277000208227,0.693403695133088
2014,7,"MOHK",7.17315,0.0551780769230769,453.327163503599,2.20061729856116,441.303208333333,3.8710807748538,1467.448,733.724,0.357828332197434,0.632275366281297,0.803783611517589
2014,7,"NAPL",246.7936125,0.474603100961538,2954.89993359191,3.58604360872805,1734.819375,3.80442845394737,2960.99633333333,370.124541666667,0.609499127353274,0.584286334678207,0.766896104112769
2014,7,"SCDI",944.1636375,7.26279721153846,983.930036878872,4.77635940232462,723.685291666667,6.34811659356725,38.916,19.458,0.101750990464941,0.316521770392268,0.480941352726312
2014,7,"SCTW",45.8164875,0.352434519230769,696.581949814984,3.38146577580089,128.155625,1.12417214912281,117.829,58.9145,0.26419711583844,0.397978312146064,0.776446242254508
2015,7,"ABUR",2.10375,0.0161826923076923,4.98470858177674,0.0241976144746444,449.858875,3.94613048245614,349.163,174.5815,0,0.79977318652565,0.65172954574153
2015,7,"AHND",16.5342,0.127186153846154,47.1258900235664,0.22876645642508,116.280666666667,1.02000584795322,1071.95266666667,535.976333333335,0.0429794847355481,0.683062439095718,0.593652066543596
2015,7,"AQUE",28.8526125,0.0739810576923077,1116.68096516582,1.80692712810004,698.3175,2.04186403508772,3171.14566666667,528.524277777778,0.337431971101028,0.649281270445967,0.570914551968963
2015,7,"BULL",7.074975,0.0362819230769231,3038.70027974575,9.83398148785032,667.764958333333,3.90505823586745,1670.367,556.789,0.497848490232711,0.175264016162434,0.80628600429768
2015,7,"CARP",132.9075,0.255591346153846,14091.992636096,17.1019328107961,708.833333333333,1.55445906432748,811.79,101.47375,0.383031172154469,0.271148169162897,0.833321488838269
2015,7,"GOLB",1.9399125,0.0149224038461538,159.453283936169,0.774045067651305,220.969458333333,1.93832858187135,270.319666666667,135.159833333333,0.0240224219639005,0.53177580514015,0.663111168950511
2015,7,"IVEE",34.0272,0.0747850549450549,2726.59230335349,3.78168141935297,1484.39320833333,3.72028373015873,3914.449,559.207,0.0762902801634592,0.343228877847129,0.701896413141236
2015,7,"MOHK",3.5527875,0.0273291346153846,187.655463948742,0.910948854120109,83.090375,0.728862938596491,2250.76533333333,1125.38266666667,0.100905106646272,0.719727609200589,0.804927592816282
2015,7,"NAPL",109.431975,0.210446105769231,1692.82916214869,2.05440432299598,952.547083333333,2.08891904239766,4732.50733333333,591.563416666667,0.159994298256768,0.694082449536826,0.787424830879438
2015,7,"SCDI",216.954,1.66887692307692,774.499904051276,3.75970827209357,273.301583333333,2.39738230994152,10.81,5.405,0.281678605152506,0.393243366933495,0.552447521801035
2015,7,"SCTW",27.426525,0.210973269230769,527.716772147746,2.56173190362983,108.440833333333,0.951235380116959,0,0,0.417137219300524,0.635089963399539,0.814527304004428
2016,7,"ABUR",3.1977,0.0245976923076923,5.89474830707522,0.0286152830440545,619.644,5.43547368421053,24.863,12.4315,0.344503966891275,0.777876646704343,0.729334419916496
2016,7,"AHND",16.9043625,0.130033557692308,27.4794284554018,0.133395283764086,119.33875,1.04683114035088,147.077666666667,73.5388333333335,0.44441455626924,0.722687922880283,0.366551421293583
2016,7,"AQUE",84.340875,0.216258653846154,1685.90537979173,2.72800223267269,607.770625,1.77710709064328,2038.25066666667,339.708444444444,0.366994806482597,0.321175631751668,0.788908871855961
2016,7,"BULL",14.039175,0.0719957692307692,3690.8788194464,11.9445916486938,218.45975,1.27754239766082,476.391333333333,158.797111111111,0.426242407600198,0.174312883392231,0.789767332746887
2016,7,"CARP",27.16515,0.0522406730769231,12614.7057630791,15.3091089357756,1357.38583333333,2.97672331871345,5961.51866666667,745.189833333333,0,0.189630849303153,0.805345523358072
2016,7,"GOLB",1.10925,0.00853269230769231,158.651405278295,0.770152452807256,362.259625,3.17771600877193,228.091,114.0455,0,0.161465946255077,0.79283897081879
2016,7,"IVEE",6.3016875,0.0138498626373626,4838.08415152068,6.71024154163756,1340.08333333333,3.35860484544695,2492.00833333333,356.00119047619,0.0382866495297847,0.111449647077459,0.834625254597608
2016,7,"MOHK",18.0457125,0.138813173076923,191.513283434382,0.929676133176609,240.624291666667,2.1107394005848,932.262333333333,466.131166666667,0.0919196605356944,0.769199153637621,0.834140957426013
2016,7,"NAPL",204.1306875,0.392559014423077,1752.5234790228,2.12684888230923,981.414958333333,2.15222578581871,5450.738,681.342249999999,0.124018103759043,0.766999897650084,0.810325730147756
2016,7,"SCDI",139.542375,1.07340288461538,257.879756453869,1.2518434779314,265.024333333333,2.32477485380117,0,0,0.0303619340840429,0.804032985096002,0.486327204872739
2016,7,"SCTW",99.0464625,0.761895865384615,271.55428422963,1.31822468072636,254.863666666667,2.23564619883041,21.62,10.81,0.110814832506421,0.756777943627745,0.807897700496569
2017,7,"ABUR",10.5997125,0.08153625,5.6252550767091,0.0273070634791704,236.623791666667,2.07564729532164,24.0653333333333,12.0326666666666,0.133883442014621,0.741796734670193,0.885893619504162
2017,7,"AHND",1.2233625,0.00941048076923077,3.77092244514762,0.0183054487628525,0,0,0,0,0.369951237739171,0.542235260095998,1
2017,7,"AQUE",13.7719125,0.0353125961538462,1823.22908029678,2.95020886779414,272.312,0.796233918128655,2229.75933333333,371.626555555556,0.0378451280238382,0.421056307285109,0.689920065820209
2017,7,"BULL",9.413325,0.0482734615384615,5066.48134313379,16.396379751242,285.743583333333,1.67101510721248,532.564333333333,177.521444444444,0.434442396880982,0.0790607271133332,0.824406282937804
2017,7,"CARP",128.5672125,0.247244639423077,17856.4146210011,21.6704060934479,727.4925,1.59537828947368,7099.54533333334,887.443166666667,0.290071115028355,0.2746856794424,0.779097654343862
2017,7,"GOLB",10.729125,0.0825317307692308,5775.50506692064,28.0364323636924,401.125416666667,3.51864400584795,589.545666666667,294.772833333333,0.156609455500092,0.00777810599123341,0.677449945578575
2017,7,"IVEE",95.7789,0.210503076923077,4690.40897740608,6.5054216052789,602.661416666667,1.51042961570593,4004.608,572.086857142857,0.145621903510931,0.131698016285027,0.833091926034509
2017,7,"MOHK",19.4953875,0.149964519230769,218.216029010752,1.05930111170268,85.7016666666667,0.751769005847953,1992.442,996.221,0.0893267599101448,0.796122672589988,0.600461993723584
2017,7,"NAPL",170.9258625,0.328703581730769,1741.61819282407,2.1136143116797,2011.40791666667,4.41098227339181,5441.56866666667,680.196083333334,0.0682838888597797,0.703851038388424,0.755076887448418
2017,7,"SCDI",96.3472875,0.741132980769231,616.304568336093,2.99176974920433,166.895083333333,1.46399195906433,0,0,0.0568805670358357,0.790989587223455,0.515823588088949
2017,7,"SCTW",50.1973875,0.38613375,714.566135134159,3.46876764628233,126.904416666667,1.1131966374269,1.081,0.5405,0.139384999658849,0.735847518109964,0.513933719176769
2018,7,"ABUR",8.7471375,0.0672856730769231,46.0964063662113,0.223768962942773,297.431541666667,2.60904861111111,1248.865,624.4325,0.106462818180596,0.711214853320097,0.653624805808442
2018,7,"AHND",4.39365,0.0337973076923077,6.73747233221105,0.0327061763699566,4.615,0.0404824561403509,0,0,0.454982586824193,0.295037756976833,0.476051994943241
2018,7,"AQUE",48.52395,0.124420384615385,3089.25945512872,4.99880170732803,193.369583333333,0.56540813840156,2032.34166666667,338.723611111111,0.0460275551939127,0.38724078068441,0.782014965724658
2018,7,"CARP",35.61285,0.06848625,26571.4018278465,32.2468468784545,866.915791666667,1.90113112207602,419.202,52.40025,0.1849888258879,0.268098964396688,0.622204167589408
2018,7,"GOLB",10.5640125,0.0812616346153846,6425.12898826691,31.189946544985,135.35925,1.18736184210526,760.189666666666,380.094833333333,0.00589645867138566,0.0118379920012932,0.774104299773614
2018,7,"IVEE",13.3537125,0.0293488186813187,10358.7114911592,14.3671449253248,519.955416666667,1.30314640768588,3361.32233333333,480.188904761905,0.00733254796973581,0.109599342237676,0.820225167078264
2018,7,"MOHK",31.8182625,0.244755865384615,677.968256992313,3.291108043652,31.425,0.275657894736842,1391.432,695.716,0.166914637657724,0.571643044874912,0.340437226946759
2018,7,"NAPL",296.7415875,0.570656899038462,2498.87346106366,3.03261342362095,525.793958333333,1.15305692616959,4163.05433333333,520.381791666667,0.46354399481447,0.821287436719406,0.759971161655589
2018,7,"SCDI",90.3955875,0.695350673076923,2085.48022789159,10.1236904266582,172.600875,1.51404276315789,0,0,0.016213696084928,0.701648966247959,0.40526276822312
2018,7,"SCTW",100.19715,0.770747307692308,887.866447099756,4.31003129660076,69.5681666666667,0.610247076023392,0,0,0.00729005691658902,0.70932894696947,0.44572909439653
2018,8,"BULL",11.537475,0.0591665384615385,3977.99869141303,12.8737821728577,871.638541666667,5.09730141325536,576.358,192.119333333333,0.19795394241206,0.0694794238289266,0.859792130884471
2019,7,"ABUR",5.90325,0.0454096153846154,13.2958534778476,0.0645429780478039,272.713,2.39221929824561,118.971666666667,59.4858333333333,0,0.344003608360322,0.554313341464377
2019,7,"AHND",1.2934875,0.00994990384615385,21.9375956436728,0.106493182736276,0,0,0,0,0.0471332266657858,0.433819946848015,1
2019,7,"AQUE",247.826175,0.635451730769231,5045.66487547201,8.1645062709903,508.68,1.48736842105263,840.906666666666,140.151111111111,0.499940466366135,0.282617614239693,0.735633282003398
2019,7,"BULL",159.3042,0.816944615384615,5329.3902639031,17.2472176825343,560.072083333333,3.2752753411306,133.356333333333,44.4521111111111,0.069225911651176,0.074029317708147,0.852111736665502
2019,7,"CARP",47.0274375,0.0904373798076923,23947.5880937026,29.0626069098333,1029.41666666667,2.25749269005848,258.359,32.294875,0.0600271609920663,0.195992769083656,0.650181356061458
2019,7,"GOLB",8.87655,0.0682811538461539,4757.31843343574,23.0937788030861,179.466166666667,1.57426461988304,168.48,84.24,0,0.0128022588975503,0.831831350969542
2019,7,"IVEE",25.0575,0.0550714285714286,7985.5559583141,11.0756670711707,930.570041666667,2.33225574352548,3014.15,430.592857142857,0.534337958249752,0.0982291962493212,0.822575396265273
2019,7,"MOHK",30.2130375,0.232407980769231,881.759700126891,4.28038689381986,158.186666666667,1.39988200589971,1686.577,843.288500000001,0.0117462809808306,0.689243135624643,0.443548258953128
2019,7,"NAPL",659.9801625,1.26919262019231,3140.73570363063,3.81157245586242,967.766666666667,2.12695970695971,2165.799,270.724875,0.284972324551369,0.80696463412935,0.709158852809728
2019,7,"SCDI",101.7501,0.782693076923077,1515.10501334445,7.35487870555561,101.077375,0.886643640350877,0,0,0.00955245060688892,0.652392731105304,0.69826889686058
2019,7,"SCTW",1636.142475,12.5857113461538,1045.37434371812,5.07463273649574,46.4040416666667,0.407052997076023,0,0,0.0649139968346872,0.766630472989985,0.314927436311029
