"year","month","site","transect","MAPY_mean_abund","MAPY_max_abund","MAPY_mean_size","MAPY_max_size","franciscanus.abundance","purpuratus.abundance","urchin.abundance","max_ammonia","max_no2_no3","max_po4","max_poc","max_pon","max_tchl","mean_ammonia","mean_no2_no3","mean_po4","mean_poc","mean_pon","mean_tchl","summer_mean_temp","summer_var_temp","winter_mean_temp","winter_var_temp"
2002,8,"CARP",1,0.624583333333333,0.8,15.4814814814815,30,9,92,101,1589,1306,1790,102.0781,11.4341,10.2905,1111,780.666666666667,1050.46666666667,38.5483166666667,5.44242777777778,2.90784444444444,15.0892703424442,0.978860507539207,15.4146609273524,0.531817960772137
2002,8,"CARP",2,0,0,NA,NA,2,144,146,1589,1306,1790,102.0781,11.4341,10.2905,1111,780.666666666667,1050.46666666667,38.5483166666667,5.44242777777778,2.90784444444444,15.0892703424442,0.978860507539207,15.4146609273524,0.531817960772137
2002,8,"CARP",3,0,0,NA,NA,6,138,144,1589,1306,1790,102.0781,11.4341,10.2905,1111,780.666666666667,1050.46666666667,38.5483166666667,5.44242777777778,2.90784444444444,15.0892703424442,0.978860507539207,15.4146609273524,0.531817960772137
2002,8,"CARP",4,0,0,NA,NA,2,431,433,1589,1306,1790,102.0781,11.4341,10.2905,1111,780.666666666667,1050.46666666667,38.5483166666667,5.44242777777778,2.90784444444444,15.0892703424442,0.978860507539207,15.4146609273524,0.531817960772137
2002,8,"CARP",5,0,0,NA,NA,5,312,317,1589,1306,1790,102.0781,11.4341,10.2905,1111,780.666666666667,1050.46666666667,38.5483166666667,5.44242777777778,2.90784444444444,15.0892703424442,0.978860507539207,15.4146609273524,0.531817960772137
2002,8,"CARP",6,0,0,NA,NA,9,334,343,1589,1306,1790,102.0781,11.4341,10.2905,1111,780.666666666667,1050.46666666667,38.5483166666667,5.44242777777778,2.90784444444444,15.0892703424442,0.978860507539207,15.4146609273524,0.531817960772137
2002,8,"CARP",7,0.15,0.3,55.5,66,18,64,82,1589,1306,1790,102.0781,11.4341,10.2905,1111,780.666666666667,1050.46666666667,38.5483166666667,5.44242777777778,2.90784444444444,15.0892703424442,0.978860507539207,15.4146609273524,0.531817960772137
2002,8,"CARP",8,0,0,NA,NA,3,604,607,1589,1306,1790,102.0781,11.4341,10.2905,1111,780.666666666667,1050.46666666667,38.5483166666667,5.44242777777778,2.90784444444444,15.0892703424442,0.978860507539207,15.4146609273524,0.531817960772137
2002,8,"NAPL",1,0.2625,0.6,24.25,30,8,60,68,1242,1440,1693,65.2936,8.6885,8.1975,531.75,754.769230769231,851.176470588235,32.75301,5.07344,2.999475,14.8046313364055,0.894280246594568,15.2337028016916,0.479325067392387
2002,8,"NAPL",2,0.121666666666667,0.266666666666667,20.9411764705882,40,23,50,73,1242,1440,1693,65.2936,8.6885,8.1975,531.75,754.769230769231,851.176470588235,32.75301,5.07344,2.999475,14.8046313364055,0.894280246594568,15.2337028016916,0.479325067392387
2002,8,"NAPL",3,0.0625,0.2,28.5,35,21,171,192,1242,1440,1693,65.2936,8.6885,8.1975,531.75,754.769230769231,851.176470588235,32.75301,5.07344,2.999475,14.8046313364055,0.894280246594568,15.2337028016916,0.479325067392387
2002,8,"NAPL",4,0,0,NA,NA,2,6,8,1242,1440,1693,65.2936,8.6885,8.1975,531.75,754.769230769231,851.176470588235,32.75301,5.07344,2.999475,14.8046313364055,0.894280246594568,15.2337028016916,0.479325067392387
2002,8,"NAPL",5,0.310416666666667,0.4,24.8571428571429,32,4,94,98,1242,1440,1693,65.2936,8.6885,8.1975,531.75,754.769230769231,851.176470588235,32.75301,5.07344,2.999475,14.8046313364055,0.894280246594568,15.2337028016916,0.479325067392387
2002,8,"NAPL",6,0,0,NA,NA,31,120,151,1242,1440,1693,65.2936,8.6885,8.1975,531.75,754.769230769231,851.176470588235,32.75301,5.07344,2.999475,14.8046313364055,0.894280246594568,15.2337028016916,0.479325067392387
2002,8,"NAPL",7,0.220833333333333,0.5,21.5,31,5,109,114,1242,1440,1693,65.2936,8.6885,8.1975,531.75,754.769230769231,851.176470588235,32.75301,5.07344,2.999475,14.8046313364055,0.894280246594568,15.2337028016916,0.479325067392387
2002,8,"NAPL",8,0.0875,0.15,22.25,30,33,71,104,1242,1440,1693,65.2936,8.6885,8.1975,531.75,754.769230769231,851.176470588235,32.75301,5.07344,2.999475,14.8046313364055,0.894280246594568,15.2337028016916,0.479325067392387
2003,8,"AQUE",1,2.20517857142857,2.875,74.8148148148148,210,0,2,2,1649,1717,2041,351.5885,45.1321,68.6997,675.157894736842,779.4,989.842105263158,52.2802090909091,7.52442727272727,7.66505,15.1401182759013,2.13038772486277,12.9053320939917,4.31339600723301
2003,8,"AQUE",2,2.77166666666667,4.35,49.1818181818182,117,0,0,0,1649,1717,2041,351.5885,45.1321,68.6997,675.157894736842,779.4,989.842105263158,52.2802090909091,7.52442727272727,7.66505,15.1401182759013,2.13038772486277,12.9053320939917,4.31339600723301
2003,8,"AQUE",3,2.19285714285714,3.72142857142857,76.2173913043478,150,0,1,1,1649,1717,2041,351.5885,45.1321,68.6997,675.157894736842,779.4,989.842105263158,52.2802090909091,7.52442727272727,7.66505,15.1401182759013,2.13038772486277,12.9053320939917,4.31339600723301
2003,8,"AQUE",4,2.49416666666667,3.51666666666667,78.3333333333333,150,3,1,4,1649,1717,2041,351.5885,45.1321,68.6997,675.157894736842,779.4,989.842105263158,52.2802090909091,7.52442727272727,7.66505,15.1401182759013,2.13038772486277,12.9053320939917,4.31339600723301
2003,8,"AQUE",5,1.00241883116883,1.11,37.9268292682927,76,2,0,2,1649,1717,2041,351.5885,45.1321,68.6997,675.157894736842,779.4,989.842105263158,52.2802090909091,7.52442727272727,7.66505,15.1401182759013,2.13038772486277,12.9053320939917,4.31339600723301
2003,8,"AQUE",6,1.63923611111111,2.1125,56.5483870967742,108,0,0,0,1649,1717,2041,351.5885,45.1321,68.6997,675.157894736842,779.4,989.842105263158,52.2802090909091,7.52442727272727,7.66505,15.1401182759013,2.13038772486277,12.9053320939917,4.31339600723301
2003,8,"CARP",1,0.629569892473118,0.8,21.5492957746479,50,8,91,99,1672,1723,1851,927.0821,85.07,114.623,998.055555555556,585.857142857143,1045.06666666667,98.7503722222222,11.2819166666667,11.1674055555556,15.9563280073462,2.52975955079696,14.3614006999633,2.37557846088767
2003,8,"CARP",2,0,0,NA,NA,0,46,46,1672,1723,1851,927.0821,85.07,114.623,998.055555555556,585.857142857143,1045.06666666667,98.7503722222222,11.2819166666667,11.1674055555556,15.9563280073462,2.52975955079696,14.3614006999633,2.37557846088767
2003,8,"CARP",3,0.372083333333333,0.525,22.5,45,6,76,82,1672,1723,1851,927.0821,85.07,114.623,998.055555555556,585.857142857143,1045.06666666667,98.7503722222222,11.2819166666667,11.1674055555556,15.9563280073462,2.52975955079696,14.3614006999633,2.37557846088767
2003,8,"CARP",4,0,0,NA,NA,2,279,281,1672,1723,1851,927.0821,85.07,114.623,998.055555555556,585.857142857143,1045.06666666667,98.7503722222222,11.2819166666667,11.1674055555556,15.9563280073462,2.52975955079696,14.3614006999633,2.37557846088767
2003,8,"CARP",5,0,0,NA,NA,7,229,236,1672,1723,1851,927.0821,85.07,114.623,998.055555555556,585.857142857143,1045.06666666667,98.7503722222222,11.2819166666667,11.1674055555556,15.9563280073462,2.52975955079696,14.3614006999633,2.37557846088767
2003,8,"CARP",6,0.18125,0.4,35,57,25,171,196,1672,1723,1851,927.0821,85.07,114.623,998.055555555556,585.857142857143,1045.06666666667,98.7503722222222,11.2819166666667,11.1674055555556,15.9563280073462,2.52975955079696,14.3614006999633,2.37557846088767
2003,8,"CARP",7,0,0,NA,NA,4,62,66,1672,1723,1851,927.0821,85.07,114.623,998.055555555556,585.857142857143,1045.06666666667,98.7503722222222,11.2819166666667,11.1674055555556,15.9563280073462,2.52975955079696,14.3614006999633,2.37557846088767
2003,8,"CARP",8,0,0,NA,NA,2,438,440,1672,1723,1851,927.0821,85.07,114.623,998.055555555556,585.857142857143,1045.06666666667,98.7503722222222,11.2819166666667,11.1674055555556,15.9563280073462,2.52975955079696,14.3614006999633,2.37557846088767
2003,8,"NAPL",1,0.731479978354978,0.891666666666667,41.0666666666667,90,12,39,51,1340,1726,1892,153.002,18.6703,18.2213,552,637.545454545455,669,49.17772,6.781865,5.66598,15.8546648023581,2.24293745424598,13.8962153743464,3.28400203645604
2003,8,"NAPL",2,0.891201690821256,0.995,34.1929824561403,80,4,6,10,1340,1726,1892,153.002,18.6703,18.2213,552,637.545454545455,669,49.17772,6.781865,5.66598,15.8546648023581,2.24293745424598,13.8962153743464,3.28400203645604
2003,8,"NAPL",3,0.598125,1,42.375,72,16,89,105,1340,1726,1892,153.002,18.6703,18.2213,552,637.545454545455,669,49.17772,6.781865,5.66598,15.8546648023581,2.24293745424598,13.8962153743464,3.28400203645604
2003,8,"NAPL",4,0.462321428571429,0.56,28.2352941176471,60,1,2,3,1340,1726,1892,153.002,18.6703,18.2213,552,637.545454545455,669,49.17772,6.781865,5.66598,15.8546648023581,2.24293745424598,13.8962153743464,3.28400203645604
2003,8,"NAPL",5,1.06773493051067,1.34285714285714,45.9111111111111,105,2,0,2,1340,1726,1892,153.002,18.6703,18.2213,552,637.545454545455,669,49.17772,6.781865,5.66598,15.8546648023581,2.24293745424598,13.8962153743464,3.28400203645604
2003,8,"NAPL",6,0.260929487179487,0.415384615384615,31.25,50,8,32,40,1340,1726,1892,153.002,18.6703,18.2213,552,637.545454545455,669,49.17772,6.781865,5.66598,15.8546648023581,2.24293745424598,13.8962153743464,3.28400203645604
2003,8,"NAPL",7,1.27142857142857,2.425,43.8148148148148,110,3,12,15,1340,1726,1892,153.002,18.6703,18.2213,552,637.545454545455,669,49.17772,6.781865,5.66598,15.8546648023581,2.24293745424598,13.8962153743464,3.28400203645604
2003,8,"NAPL",8,0.394791666666667,0.438888888888889,30,60,16,20,36,1340,1726,1892,153.002,18.6703,18.2213,552,637.545454545455,669,49.17772,6.781865,5.66598,15.8546648023581,2.24293745424598,13.8962153743464,3.28400203645604
2004,7,"AQUE",1,0.587777777777778,1.28333333333333,27.5454545454545,130,0,1,1,1596,1567,1749,66.7771,10.4241,9.537,1136,671.133333333333,774.25,35.46121,5.67472,3.72887222222222,16.2119763909383,3.7084984459704,14.3684138475995,3.06873808351769
2004,7,"AQUE",2,1.454375,2.43,60.2666666666667,117,0,3,3,1596,1567,1749,66.7771,10.4241,9.537,1136,671.133333333333,774.25,35.46121,5.67472,3.72887222222222,16.2119763909383,3.7084984459704,14.3684138475995,3.06873808351769
2004,7,"AQUE",3,1.44166666666667,2.23333333333333,92.2,196,0,0,0,1596,1567,1749,66.7771,10.4241,9.537,1136,671.133333333333,774.25,35.46121,5.67472,3.72887222222222,16.2119763909383,3.7084984459704,14.3684138475995,3.06873808351769
2004,7,"AQUE",4,1.6125,3.15,83,114,1,1,2,1596,1567,1749,66.7771,10.4241,9.537,1136,671.133333333333,774.25,35.46121,5.67472,3.72887222222222,16.2119763909383,3.7084984459704,14.3684138475995,3.06873808351769
2004,7,"AQUE",5,0.877604166666667,1.11666666666667,47.4642857142857,103,0,0,0,1596,1567,1749,66.7771,10.4241,9.537,1136,671.133333333333,774.25,35.46121,5.67472,3.72887222222222,16.2119763909383,3.7084984459704,14.3684138475995,3.06873808351769
2004,7,"AQUE",6,1.02068452380952,1.20833333333333,50.6666666666667,94,0,1,1,1596,1567,1749,66.7771,10.4241,9.537,1136,671.133333333333,774.25,35.46121,5.67472,3.72887222222222,16.2119763909383,3.7084984459704,14.3684138475995,3.06873808351769
2004,7,"CARP",1,0.438942307692308,0.630769230769231,21.7647058823529,47,5,101,106,1647,1404,1672,252.0203,34.6726,32.2163,1121.47058823529,644.5,697.357142857143,69.8814294117647,9.80360588235294,7.6275125,16.9305481023831,3.79388829519669,15.0313367076713,2.70178113889753
2004,7,"CARP",2,0.307142857142857,0.364285714285714,26,44,0,22,22,1647,1404,1672,252.0203,34.6726,32.2163,1121.47058823529,644.5,697.357142857143,69.8814294117647,9.80360588235294,7.6275125,16.9305481023831,3.79388829519669,15.0313367076713,2.70178113889753
2004,7,"CARP",3,0.406633947649573,0.4859375,18,50,13,138,151,1647,1404,1672,252.0203,34.6726,32.2163,1121.47058823529,644.5,697.357142857143,69.8814294117647,9.80360588235294,7.6275125,16.9305481023831,3.79388829519669,15.0313367076713,2.70178113889753
2004,7,"CARP",4,0.252083333333333,0.3,15.7333333333333,25,3,139,142,1647,1404,1672,252.0203,34.6726,32.2163,1121.47058823529,644.5,697.357142857143,69.8814294117647,9.80360588235294,7.6275125,16.9305481023831,3.79388829519669,15.0313367076713,2.70178113889753
2004,7,"CARP",5,0,0,NA,NA,5,122,127,1647,1404,1672,252.0203,34.6726,32.2163,1121.47058823529,644.5,697.357142857143,69.8814294117647,9.80360588235294,7.6275125,16.9305481023831,3.79388829519669,15.0313367076713,2.70178113889753
2004,7,"CARP",6,0.175,0.4125,15,25,11,171,182,1647,1404,1672,252.0203,34.6726,32.2163,1121.47058823529,644.5,697.357142857143,69.8814294117647,9.80360588235294,7.6275125,16.9305481023831,3.79388829519669,15.0313367076713,2.70178113889753
2004,7,"CARP",7,0.306330128205128,0.336666666666667,17.22,40,25,27,52,1647,1404,1672,252.0203,34.6726,32.2163,1121.47058823529,644.5,697.357142857143,69.8814294117647,9.80360588235294,7.6275125,16.9305481023831,3.79388829519669,15.0313367076713,2.70178113889753
2004,7,"CARP",8,0,0,NA,NA,4,303,307,1647,1404,1672,252.0203,34.6726,32.2163,1121.47058823529,644.5,697.357142857143,69.8814294117647,9.80360588235294,7.6275125,16.9305481023831,3.79388829519669,15.0313367076713,2.70178113889753
2004,7,"NAPL",1,1.04885281385281,1.14,47.8709677419355,100,7,19,26,1660,1245,1293,113.1022,17.3316,18.936,770.5,779.444444444444,624.230769230769,36.92086,5.536405,4.7431,16.5502153968887,3.30685769769055,14.3893097587112,2.64748736073814
2004,7,"NAPL",2,0.977840909090909,1.4,28.1764705882353,100,0,29,29,1660,1245,1293,113.1022,17.3316,18.936,770.5,779.444444444444,624.230769230769,36.92086,5.536405,4.7431,16.5502153968887,3.30685769769055,14.3893097587112,2.64748736073814
2004,7,"NAPL",3,0.858333333333333,1.7,41.5555555555556,93,34,116,150,1660,1245,1293,113.1022,17.3316,18.936,770.5,779.444444444444,624.230769230769,36.92086,5.536405,4.7431,16.5502153968887,3.30685769769055,14.3893097587112,2.64748736073814
2004,7,"NAPL",4,0.55,2.2,57.6666666666667,73,55,29,84,1660,1245,1293,113.1022,17.3316,18.936,770.5,779.444444444444,624.230769230769,36.92086,5.536405,4.7431,16.5502153968887,3.30685769769055,14.3893097587112,2.64748736073814
2004,7,"NAPL",5,0.654166666666667,1.16666666666667,58.25,84,0,3,3,1660,1245,1293,113.1022,17.3316,18.936,770.5,779.444444444444,624.230769230769,36.92086,5.536405,4.7431,16.5502153968887,3.30685769769055,14.3893097587112,2.64748736073814
2004,7,"NAPL",6,0.550833333333333,1.07,45,65,1,11,12,1660,1245,1293,113.1022,17.3316,18.936,770.5,779.444444444444,624.230769230769,36.92086,5.536405,4.7431,16.5502153968887,3.30685769769055,14.3893097587112,2.64748736073814
2004,7,"NAPL",7,0.426643518518519,0.495,27.1549295774648,80,4,10,14,1660,1245,1293,113.1022,17.3316,18.936,770.5,779.444444444444,624.230769230769,36.92086,5.536405,4.7431,16.5502153968887,3.30685769769055,14.3893097587112,2.64748736073814
2004,7,"NAPL",8,0.542657342657343,1.15,27.2,40,25,50,75,1660,1245,1293,113.1022,17.3316,18.936,770.5,779.444444444444,624.230769230769,36.92086,5.536405,4.7431,16.5502153968887,3.30685769769055,14.3893097587112,2.64748736073814
2005,7,"AQUE",1,1.165,1.51,38.4210526315789,55,1,4,5,1623,1320,2026,70.2886,11.9352,9.4081,1080.70588235294,684.210526315789,906.190476190476,34.7980363636364,5.35225714285714,3.35748181818182,15.4942001562364,3.47138038667021,14.1625995024876,2.37121601090111
2005,7,"AQUE",2,1.49895833333333,3.13333333333333,58.75,109,1,6,7,1623,1320,2026,70.2886,11.9352,9.4081,1080.70588235294,684.210526315789,906.190476190476,34.7980363636364,5.35225714285714,3.35748181818182,15.4942001562364,3.47138038667021,14.1625995024876,2.37121601090111
2005,7,"AQUE",3,0.9625,3.85,150,150,0,0,0,1623,1320,2026,70.2886,11.9352,9.4081,1080.70588235294,684.210526315789,906.190476190476,34.7980363636364,5.35225714285714,3.35748181818182,15.4942001562364,3.47138038667021,14.1625995024876,2.37121601090111
2005,7,"AQUE",4,2.825,7.35,137.5,150,0,0,0,1623,1320,2026,70.2886,11.9352,9.4081,1080.70588235294,684.210526315789,906.190476190476,34.7980363636364,5.35225714285714,3.35748181818182,15.4942001562364,3.47138038667021,14.1625995024876,2.37121601090111
2005,7,"AQUE",5,1.206875,1.54,74,150,0,0,0,1623,1320,2026,70.2886,11.9352,9.4081,1080.70588235294,684.210526315789,906.190476190476,34.7980363636364,5.35225714285714,3.35748181818182,15.4942001562364,3.47138038667021,14.1625995024876,2.37121601090111
2005,7,"AQUE",6,0.869791666666667,1.86666666666667,46.4545454545455,115,0,0,0,1623,1320,2026,70.2886,11.9352,9.4081,1080.70588235294,684.210526315789,906.190476190476,34.7980363636364,5.35225714285714,3.35748181818182,15.4942001562364,3.47138038667021,14.1625995024876,2.37121601090111
2005,7,"CARP",1,0.579366541527623,0.689516129032258,12.3389830508475,40,2,87,89,1663,1561,1807,121.1137,18.7408,9.1224,1274.15789473684,857.125,1036.6,55.2752818181818,7.89686363636364,3.65051818181818,15.5763473360656,2.24694653621151,14.7796894096894,1.3412552620205
2005,7,"CARP",2,0.504827898550725,0.86,23.0147058823529,88,0,26,26,1663,1561,1807,121.1137,18.7408,9.1224,1274.15789473684,857.125,1036.6,55.2752818181818,7.89686363636364,3.65051818181818,15.5763473360656,2.24694653621151,14.7796894096894,1.3412552620205
2005,7,"CARP",3,0.892708333333333,1.53333333333333,46.5,69,5,75,80,1663,1561,1807,121.1137,18.7408,9.1224,1274.15789473684,857.125,1036.6,55.2752818181818,7.89686363636364,3.65051818181818,15.5763473360656,2.24694653621151,14.7796894096894,1.3412552620205
2005,7,"CARP",4,0.25,0.3,16.1428571428571,23,2,167,169,1663,1561,1807,121.1137,18.7408,9.1224,1274.15789473684,857.125,1036.6,55.2752818181818,7.89686363636364,3.65051818181818,15.5763473360656,2.24694653621151,14.7796894096894,1.3412552620205
2005,7,"CARP",5,0.160416666666667,0.366666666666667,21.4285714285714,25,6,89,95,1663,1561,1807,121.1137,18.7408,9.1224,1274.15789473684,857.125,1036.6,55.2752818181818,7.89686363636364,3.65051818181818,15.5763473360656,2.24694653621151,14.7796894096894,1.3412552620205
2005,7,"CARP",6,0.3475,1.39,49.2,65,5,91,96,1663,1561,1807,121.1137,18.7408,9.1224,1274.15789473684,857.125,1036.6,55.2752818181818,7.89686363636364,3.65051818181818,15.5763473360656,2.24694653621151,14.7796894096894,1.3412552620205
2005,7,"CARP",7,1.72305555555556,2.17,49.1379310344828,123,20,46,66,1663,1561,1807,121.1137,18.7408,9.1224,1274.15789473684,857.125,1036.6,55.2752818181818,7.89686363636364,3.65051818181818,15.5763473360656,2.24694653621151,14.7796894096894,1.3412552620205
2005,7,"CARP",8,0.376104956785346,0.395833333333333,15.4587155963303,30,0,93,93,1663,1561,1807,121.1137,18.7408,9.1224,1274.15789473684,857.125,1036.6,55.2752818181818,7.89686363636364,3.65051818181818,15.5763473360656,2.24694653621151,14.7796894096894,1.3412552620205
2005,7,"NAPL",1,1.44657738095238,1.86428571428571,39.2941176470588,91,5,9,14,1419,1559,1822,120.4286,13.2339,9.5509,884.777777777778,717.153846153846,632.894736842105,39.9739,5.84057142857143,3.3858,15.4319091530055,2.39257931101862,14.3516921081081,1.81150417695057
2005,7,"NAPL",2,1.02202380952381,1.20714285714286,30.2857142857143,69,2,28,30,1419,1559,1822,120.4286,13.2339,9.5509,884.777777777778,717.153846153846,632.894736842105,39.9739,5.84057142857143,3.3858,15.4319091530055,2.39257931101862,14.3516921081081,1.81150417695057
2005,7,"NAPL",3,0.3625,0.6,24.3333333333333,48,40,70,110,1419,1559,1822,120.4286,13.2339,9.5509,884.777777777778,717.153846153846,632.894736842105,39.9739,5.84057142857143,3.3858,15.4319091530055,2.39257931101862,14.3516921081081,1.81150417695057
2005,7,"NAPL",4,1.44583333333333,2.28333333333333,57,94,0,1,1,1419,1559,1822,120.4286,13.2339,9.5509,884.777777777778,717.153846153846,632.894736842105,39.9739,5.84057142857143,3.3858,15.4319091530055,2.39257931101862,14.3516921081081,1.81150417695057
2005,7,"NAPL",5,0.952777777777778,1.14444444444444,38.5,65,0,0,0,1419,1559,1822,120.4286,13.2339,9.5509,884.777777777778,717.153846153846,632.894736842105,39.9739,5.84057142857143,3.3858,15.4319091530055,2.39257931101862,14.3516921081081,1.81150417695057
2005,7,"NAPL",6,0.8215625,1.08125,45.9375,79,0,0,0,1419,1559,1822,120.4286,13.2339,9.5509,884.777777777778,717.153846153846,632.894736842105,39.9739,5.84057142857143,3.3858,15.4319091530055,2.39257931101862,14.3516921081081,1.81150417695057
2005,7,"NAPL",7,0.743107142857143,1.19,29.5918367346939,60,4,1,5,1419,1559,1822,120.4286,13.2339,9.5509,884.777777777778,717.153846153846,632.894736842105,39.9739,5.84057142857143,3.3858,15.4319091530055,2.39257931101862,14.3516921081081,1.81150417695057
2005,7,"NAPL",8,0.308814102564103,0.476923076923077,24.1935483870968,50,6,7,13,1419,1559,1822,120.4286,13.2339,9.5509,884.777777777778,717.153846153846,632.894736842105,39.9739,5.84057142857143,3.3858,15.4319091530055,2.39257931101862,14.3516921081081,1.81150417695057
2006,7,"ABUR",1,0.1375,0.55,30,30,0,0,0,1560,1506,1711,41.0188,5.0375,7.1539,554.4,662.571428571429,708.375,23.8169857142857,3.45528571428571,2.25187857142857,15.4164161097127,2.36019141676827,14.1101165859145,3.50386420336571
2006,7,"ABUR",2,0,0,NA,NA,0,0,0,1560,1506,1711,41.0188,5.0375,7.1539,554.4,662.571428571429,708.375,23.8169857142857,3.45528571428571,2.25187857142857,15.4164161097127,2.36019141676827,14.1101165859145,3.50386420336571
2006,7,"AQUE",1,0.243154761904762,0.283333333333333,22.5652173913043,75,0,0,0,1381,1678,1977,222.5366,30.437,18.9728,746.4,672.055555555556,941.818181818182,47.1835166666667,7.24522083333333,4.95213333333333,16.2179489627636,3.42610960364513,14.0095025306052,3.84716734855059
2006,7,"AQUE",2,3.0375,4.375,111.071428571429,200,1,0,1,1381,1678,1977,222.5366,30.437,18.9728,746.4,672.055555555556,941.818181818182,47.1835166666667,7.24522083333333,4.95213333333333,16.2179489627636,3.42610960364513,14.0095025306052,3.84716734855059
2006,7,"AQUE",3,2.95,5.4,112.2,175,0,0,0,1381,1678,1977,222.5366,30.437,18.9728,746.4,672.055555555556,941.818181818182,47.1835166666667,7.24522083333333,4.95213333333333,16.2179489627636,3.42610960364513,14.0095025306052,3.84716734855059
2006,7,"AQUE",4,1.74375,4.825,61.2857142857143,163,0,0,0,1381,1678,1977,222.5366,30.437,18.9728,746.4,672.055555555556,941.818181818182,47.1835166666667,7.24522083333333,4.95213333333333,16.2179489627636,3.42610960364513,14.0095025306052,3.84716734855059
2006,7,"AQUE",5,0.783333333333333,1.43333333333333,49.2857142857143,70,0,0,0,1381,1678,1977,222.5366,30.437,18.9728,746.4,672.055555555556,941.818181818182,47.1835166666667,7.24522083333333,4.95213333333333,16.2179489627636,3.42610960364513,14.0095025306052,3.84716734855059
2006,7,"AQUE",6,0.480208333333333,1.33333333333333,76.4285714285714,100,1,0,1,1381,1678,1977,222.5366,30.437,18.9728,746.4,672.055555555556,941.818181818182,47.1835166666667,7.24522083333333,4.95213333333333,16.2179489627636,3.42610960364513,14.0095025306052,3.84716734855059
2006,7,"CARP",1,0.558332375402991,0.708490566037736,19,50,3,84,87,1519,1747,1974,87.8636,11.3873,14.2842,1074.2,769.5,987.3,53.48992,7.62817,4.95188,16.298731978461,2.30070838937594,15.0300346385542,3.63745438008808
2006,7,"CARP",2,1.36214962121212,1.86818181818182,37.0789473684211,71,0,2,2,1519,1747,1974,87.8636,11.3873,14.2842,1074.2,769.5,987.3,53.48992,7.62817,4.95188,16.298731978461,2.30070838937594,15.0300346385542,3.63745438008808
2006,7,"CARP",3,0,0,NA,NA,6,79,85,1519,1747,1974,87.8636,11.3873,14.2842,1074.2,769.5,987.3,53.48992,7.62817,4.95188,16.298731978461,2.30070838937594,15.0300346385542,3.63745438008808
2006,7,"CARP",4,0.05,0.2,10,10,1,134,135,1519,1747,1974,87.8636,11.3873,14.2842,1074.2,769.5,987.3,53.48992,7.62817,4.95188,16.298731978461,2.30070838937594,15.0300346385542,3.63745438008808
2006,7,"CARP",5,0,0,NA,NA,5,61,66,1519,1747,1974,87.8636,11.3873,14.2842,1074.2,769.5,987.3,53.48992,7.62817,4.95188,16.298731978461,2.30070838937594,15.0300346385542,3.63745438008808
2006,7,"CARP",6,0,0,NA,NA,2,67,69,1519,1747,1974,87.8636,11.3873,14.2842,1074.2,769.5,987.3,53.48992,7.62817,4.95188,16.298731978461,2.30070838937594,15.0300346385542,3.63745438008808
2006,7,"CARP",7,0,0,NA,NA,17,48,65,1519,1747,1974,87.8636,11.3873,14.2842,1074.2,769.5,987.3,53.48992,7.62817,4.95188,16.298731978461,2.30070838937594,15.0300346385542,3.63745438008808
2006,7,"CARP",8,2.83125,3.425,69.4545454545455,110,2,171,173,1519,1747,1974,87.8636,11.3873,14.2842,1074.2,769.5,987.3,53.48992,7.62817,4.95188,16.298731978461,2.30070838937594,15.0300346385542,3.63745438008808
2006,7,"MOHK",1,0.551363636363636,0.755,35.2333333333333,71,3,17,20,1502,1586,1717,49.0962,8.2961,5.3168,524.055555555556,1006.28571428571,664.904761904762,26.0827142857143,3.92021428571429,1.86370714285714,16.1538547001128,2.50893245770559,14.4308307738893,3.6526837913127
2006,7,"MOHK",2,0.159659090909091,0.238636363636364,20.6944444444444,30,1,76,77,1502,1586,1717,49.0962,8.2961,5.3168,524.055555555556,1006.28571428571,664.904761904762,26.0827142857143,3.92021428571429,1.86370714285714,16.1538547001128,2.50893245770559,14.4308307738893,3.6526837913127
2006,7,"NAPL",1,0.332352941176471,0.379411764705882,16.6530612244898,40,0,21,21,741,1477,2055,89.7722,13.4648,10.9195,359.25,1226.66666666667,1289.71428571429,57.58418,8.32517,6.28734,15.8455902102845,3.09758992731252,14.0115801886792,3.95761467987685
2006,7,"NAPL",2,0.482321187584346,0.592105263157895,20.7922077922078,40,72,0,72,741,1477,2055,89.7722,13.4648,10.9195,359.25,1226.66666666667,1289.71428571429,57.58418,8.32517,6.28734,15.8455902102845,3.09758992731252,14.0115801886792,3.95761467987685
2006,7,"NAPL",3,0.43125,0.7,27.3333333333333,42,31,200,231,741,1477,2055,89.7722,13.4648,10.9195,359.25,1226.66666666667,1289.71428571429,57.58418,8.32517,6.28734,15.8455902102845,3.09758992731252,14.0115801886792,3.95761467987685
2006,7,"NAPL",4,0,0,NA,NA,30,115,145,741,1477,2055,89.7722,13.4648,10.9195,359.25,1226.66666666667,1289.71428571429,57.58418,8.32517,6.28734,15.8455902102845,3.09758992731252,14.0115801886792,3.95761467987685
2006,7,"NAPL",5,0.1,0.2,16,20,2,2,4,741,1477,2055,89.7722,13.4648,10.9195,359.25,1226.66666666667,1289.71428571429,57.58418,8.32517,6.28734,15.8455902102845,3.09758992731252,14.0115801886792,3.95761467987685
2006,7,"NAPL",6,0.1,0.2,20.6666666666667,25,4,6,10,741,1477,2055,89.7722,13.4648,10.9195,359.25,1226.66666666667,1289.71428571429,57.58418,8.32517,6.28734,15.8455902102845,3.09758992731252,14.0115801886792,3.95761467987685
2006,7,"NAPL",7,0.201666666666667,0.316666666666667,18.5454545454545,25,5,0,5,741,1477,2055,89.7722,13.4648,10.9195,359.25,1226.66666666667,1289.71428571429,57.58418,8.32517,6.28734,15.8455902102845,3.09758992731252,14.0115801886792,3.95761467987685
2006,7,"NAPL",8,0.0625,0.25,20,20,2,7,9,741,1477,2055,89.7722,13.4648,10.9195,359.25,1226.66666666667,1289.71428571429,57.58418,8.32517,6.28734,15.8455902102845,3.09758992731252,14.0115801886792,3.95761467987685
2007,7,"ABUR",1,0.326041666666667,0.6875,25.625,50,0,0,0,1646,1611,2066,79.7331,12.1767,17.9708,965.136363636364,647,1006.5,36.4262375,5.78530833333333,3.91091666666667,15.4593646384862,2.05832133239183,13.2259224350383,1.27457602883295
2007,7,"ABUR",2,0,0,NA,NA,0,0,0,1646,1611,2066,79.7331,12.1767,17.9708,965.136363636364,647,1006.5,36.4262375,5.78530833333333,3.91091666666667,15.4593646384862,2.05832133239183,13.2259224350383,1.27457602883295
2007,7,"AQUE",1,0.583578852021358,0.7,42.3880597014925,75,2,4,6,1310,1597,1799,112.9563,15.6213,23.9993,714.695652173913,737.3125,1041,44.768225,7.07569166666667,6.57365,16.1256210398403,2.87167166505732,13.2739321081081,1.39647025183402
2007,7,"AQUE",2,0.807613636363636,1.175,58.2692307692308,140,4,16,20,1310,1597,1799,112.9563,15.6213,23.9993,714.695652173913,737.3125,1041,44.768225,7.07569166666667,6.57365,16.1256210398403,2.87167166505732,13.2739321081081,1.39647025183402
2007,7,"AQUE",3,3.05,8.8,85,250,0,0,0,1310,1597,1799,112.9563,15.6213,23.9993,714.695652173913,737.3125,1041,44.768225,7.07569166666667,6.57365,16.1256210398403,2.87167166505732,13.2739321081081,1.39647025183402
2007,7,"AQUE",4,2.05625,4.15,101,120,0,0,0,1310,1597,1799,112.9563,15.6213,23.9993,714.695652173913,737.3125,1041,44.768225,7.07569166666667,6.57365,16.1256210398403,2.87167166505732,13.2739321081081,1.39647025183402
2007,7,"AQUE",5,1.69791666666667,3.4,72.5,120,0,0,0,1310,1597,1799,112.9563,15.6213,23.9993,714.695652173913,737.3125,1041,44.768225,7.07569166666667,6.57365,16.1256210398403,2.87167166505732,13.2739321081081,1.39647025183402
2007,7,"AQUE",6,0.5125,1.8,70,90,0,0,0,1310,1597,1799,112.9563,15.6213,23.9993,714.695652173913,737.3125,1041,44.768225,7.07569166666667,6.57365,16.1256210398403,2.87167166505732,13.2739321081081,1.39647025183402
2007,7,"MOHK",1,1.364375,1.975,46.2105263157895,88,2,43,45,1629,1601,1875,66.589,9.3765,7.1235,880.75,649.388888888889,984.869565217391,35.0416541666667,5.37277916666667,3.3481125,16.1043980557243,2.08998328563515,13.4346073513514,1.23987911195081
2007,7,"MOHK",2,1.32459821428571,1.84,43.1730769230769,100,5,40,45,1629,1601,1875,66.589,9.3765,7.1235,880.75,649.388888888889,984.869565217391,35.0416541666667,5.37277916666667,3.3481125,16.1043980557243,2.08998328563515,13.4346073513514,1.23987911195081
2008,7,"ABUR",1,2.10125,2.775,66.5833333333333,115,0,0,0,1608,1754,2084,118.4802,19.8567,14.0561,1052.4375,881.52380952381,1259.95833333333,41.0353291666667,6.1946125,4.16780416666667,15.8545894097222,2.56668216493692,13.3703012937397,2.79895547297445
2008,7,"ABUR",2,0.6125,2.05,45,45,0,0,0,1608,1754,2084,118.4802,19.8567,14.0561,1052.4375,881.52380952381,1259.95833333333,41.0353291666667,6.1946125,4.16780416666667,15.8545894097222,2.56668216493692,13.3703012937397,2.79895547297445
2008,7,"CARP",1,0.385094953088555,0.546666666666667,30.5,48,3,70,73,1669,1728,2087,198.5683,28.5141,17.0004,1135.77272727273,842.136363636364,1410.25,53.1961833333333,7.93054166666667,5.23691666666667,16.6126670716889,2.17147703679251,13.6121922348485,2.55584810259185
2008,7,"CARP",2,1.84208333333333,2.30833333333333,55.2439024390244,112,0,0,0,1669,1728,2087,198.5683,28.5141,17.0004,1135.77272727273,842.136363636364,1410.25,53.1961833333333,7.93054166666667,5.23691666666667,16.6126670716889,2.17147703679251,13.6121922348485,2.55584810259185
2008,7,"CARP",3,0.171048329216488,0.195652173913043,28.3,40,2,38,40,1669,1728,2087,198.5683,28.5141,17.0004,1135.77272727273,842.136363636364,1410.25,53.1961833333333,7.93054166666667,5.23691666666667,16.6126670716889,2.17147703679251,13.6121922348485,2.55584810259185
2008,7,"CARP",4,0.216290374371428,0.288679245283019,26.5454545454545,41,2,60,62,1669,1728,2087,198.5683,28.5141,17.0004,1135.77272727273,842.136363636364,1410.25,53.1961833333333,7.93054166666667,5.23691666666667,16.6126670716889,2.17147703679251,13.6121922348485,2.55584810259185
2008,7,"CARP",5,0.272541453504896,0.348969072164948,29.195652173913,150,1,29,30,1669,1728,2087,198.5683,28.5141,17.0004,1135.77272727273,842.136363636364,1410.25,53.1961833333333,7.93054166666667,5.23691666666667,16.6126670716889,2.17147703679251,13.6121922348485,2.55584810259185
2008,7,"CARP",6,0,0,NA,NA,4,105,109,1669,1728,2087,198.5683,28.5141,17.0004,1135.77272727273,842.136363636364,1410.25,53.1961833333333,7.93054166666667,5.23691666666667,16.6126670716889,2.17147703679251,13.6121922348485,2.55584810259185
2008,7,"CARP",7,0,0,NA,NA,12,83,95,1669,1728,2087,198.5683,28.5141,17.0004,1135.77272727273,842.136363636364,1410.25,53.1961833333333,7.93054166666667,5.23691666666667,16.6126670716889,2.17147703679251,13.6121922348485,2.55584810259185
2008,7,"CARP",8,0.203973922902494,0.263333333333333,32.8947368421053,77,4,165,169,1669,1728,2087,198.5683,28.5141,17.0004,1135.77272727273,842.136363636364,1410.25,53.1961833333333,7.93054166666667,5.23691666666667,16.6126670716889,2.17147703679251,13.6121922348485,2.55584810259185
2008,7,"MOHK",1,0.429916624769566,0.75,42.3513513513514,95,12,37,49,1605,1727,2081,118.207,21.2899,14.2633,978.888888888889,779.45,1230.54166666667,36.6943416666667,5.32219166666667,3.56608333333333,16.7318001909556,3.08181068264238,13.7140046870692,2.5893256183409
2008,7,"MOHK",2,0.534679383116883,0.98125,39.2307692307692,85,3,53,56,1605,1727,2081,118.207,21.2899,14.2633,978.888888888889,779.45,1230.54166666667,36.6943416666667,5.32219166666667,3.56608333333333,16.7318001909556,3.08181068264238,13.7140046870692,2.5893256183409
2008,7,"NAPL",5,0.128125,0.3625,20,40,2,54,56,1638,1731,2088,100.8578,15.543,9.8578,759.52380952381,969.863636363636,1301.5,34.3661958333333,5.12692916666667,3.47979166666667,16.0735903447078,2.71595531775333,13.2868111945807,2.23040501585326
2008,7,"NAPL",6,0.6075,2.05,27.875,60,7,99,106,1638,1731,2088,100.8578,15.543,9.8578,759.52380952381,969.863636363636,1301.5,34.3661958333333,5.12692916666667,3.47979166666667,16.0735903447078,2.71595531775333,13.2868111945807,2.23040501585326
2008,7,"NAPL",7,0.236111111111111,0.3,25.8888888888889,42,8,103,111,1638,1731,2088,100.8578,15.543,9.8578,759.52380952381,969.863636363636,1301.5,34.3661958333333,5.12692916666667,3.47979166666667,16.0735903447078,2.71595531775333,13.2868111945807,2.23040501585326
2008,7,"NAPL",8,0.4225,1,26.75,35,26,177,203,1638,1731,2088,100.8578,15.543,9.8578,759.52380952381,969.863636363636,1301.5,34.3661958333333,5.12692916666667,3.47979166666667,16.0735903447078,2.71595531775333,13.2868111945807,2.23040501585326
2008,8,"NAPL",1,0.362478632478632,0.505555555555556,29.53125,45,9,91,100,1638,1731,2088,100.8578,15.543,9.8578,759.52380952381,969.863636363636,1301.5,34.3661958333333,5.12692916666667,3.47979166666667,16.0735903447078,2.71595531775333,13.2868111945807,2.23040501585326
2008,8,"NAPL",2,0.449876893939394,0.49375,29.3103448275862,45,9,204,213,1638,1731,2088,100.8578,15.543,9.8578,759.52380952381,969.863636363636,1301.5,34.3661958333333,5.12692916666667,3.47979166666667,16.0735903447078,2.71595531775333,13.2868111945807,2.23040501585326
2008,8,"NAPL",3,0,0,NA,NA,23,417,440,1638,1731,2088,100.8578,15.543,9.8578,759.52380952381,969.863636363636,1301.5,34.3661958333333,5.12692916666667,3.47979166666667,16.0735903447078,2.71595531775333,13.2868111945807,2.23040501585326
2008,8,"NAPL",4,0.025,0.1,NA,NA,0,5,5,1638,1731,2088,100.8578,15.543,9.8578,759.52380952381,969.863636363636,1301.5,34.3661958333333,5.12692916666667,3.47979166666667,16.0735903447078,2.71595531775333,13.2868111945807,2.23040501585326
2009,7,"ABUR",1,0.475,1.9,48,48,0,0,0,1665,1645,1931,58.8948,8.1608,10.4787,1139.35,1049.89473684211,1251.375,32.7939291666667,4.87738333333333,3.60520833333333,15.0503808927826,1.84382565670859,13.5178271448217,2.65035911108748
2009,7,"ABUR",2,0,0,NA,NA,0,0,0,1665,1645,1931,58.8948,8.1608,10.4787,1139.35,1049.89473684211,1251.375,32.7939291666667,4.87738333333333,3.60520833333333,15.0503808927826,1.84382565670859,13.5178271448217,2.65035911108748
2009,7,"CARP",1,0.75625,2.15,22.6666666666667,32,4,123,127,1640,1565,1866,236.1409,33.5068,35.0588,1195.86363636364,952.608695652174,1485.04166666667,61.8119583333333,9.21652083333333,6.37061666666667,16.0606871692548,2.75655836785812,14.5142531088083,3.31478365820098
2009,7,"CARP",2,0.359583333333333,0.775,47,70,0,29,29,1640,1565,1866,236.1409,33.5068,35.0588,1195.86363636364,952.608695652174,1485.04166666667,61.8119583333333,9.21652083333333,6.37061666666667,16.0606871692548,2.75655836785812,14.5142531088083,3.31478365820098
2009,7,"CARP",3,0.957724358974359,1.42,43.1395348837209,92,7,185,192,1640,1565,1866,236.1409,33.5068,35.0588,1195.86363636364,952.608695652174,1485.04166666667,61.8119583333333,9.21652083333333,6.37061666666667,16.0606871692548,2.75655836785812,14.5142531088083,3.31478365820098
2009,7,"CARP",4,0.212385010822511,0.325,40,70,4,410,414,1640,1565,1866,236.1409,33.5068,35.0588,1195.86363636364,952.608695652174,1485.04166666667,61.8119583333333,9.21652083333333,6.37061666666667,16.0606871692548,2.75655836785812,14.5142531088083,3.31478365820098
2009,7,"CARP",5,1.03488095238095,1.275,37.2631578947368,60,1,171,172,1640,1565,1866,236.1409,33.5068,35.0588,1195.86363636364,952.608695652174,1485.04166666667,61.8119583333333,9.21652083333333,6.37061666666667,16.0606871692548,2.75655836785812,14.5142531088083,3.31478365820098
2009,7,"CARP",6,0,0,0,0,13,225,238,1640,1565,1866,236.1409,33.5068,35.0588,1195.86363636364,952.608695652174,1485.04166666667,61.8119583333333,9.21652083333333,6.37061666666667,16.0606871692548,2.75655836785812,14.5142531088083,3.31478365820098
2009,7,"CARP",7,0.286964285714286,0.5,31.25,60,15,133,148,1640,1565,1866,236.1409,33.5068,35.0588,1195.86363636364,952.608695652174,1485.04166666667,61.8119583333333,9.21652083333333,6.37061666666667,16.0606871692548,2.75655836785812,14.5142531088083,3.31478365820098
2009,7,"CARP",8,0.946875,1.4,41.6,80,2,159,161,1640,1565,1866,236.1409,33.5068,35.0588,1195.86363636364,952.608695652174,1485.04166666667,61.8119583333333,9.21652083333333,6.37061666666667,16.0606871692548,2.75655836785812,14.5142531088083,3.31478365820098
2009,7,"MOHK",1,1.36571428571429,2.35,52.2142857142857,88,10,52,62,1655,1608,1893,63.8228,8.0313,9.2996,1202.86666666667,883.789473684211,1149.66666666667,31.1721958333333,4.51154166666667,3.4303125,15.7868556423611,2.89396034472899,14.0878957368331,4.17174398282359
2009,7,"MOHK",2,0.94459706959707,1.25,37.7916666666667,100,1,68,69,1655,1608,1893,63.8228,8.0313,9.2996,1202.86666666667,883.789473684211,1149.66666666667,31.1721958333333,4.51154166666667,3.4303125,15.7868556423611,2.89396034472899,14.0878957368331,4.17174398282359
2009,7,"NAPL",1,0.352291666666667,0.616666666666667,44.875,83,36,231,267,1464,1703,1969,44.4951,7.2706,7.5855,860.2,1023.52631578947,1223.125,22.7655458333333,3.6265375,2.98494583333333,15.6850195295547,2.73613519276097,13.9778343197804,3.73049221183681
2009,7,"NAPL",2,0.19375,0.65,32,60,38,158,196,1464,1703,1969,44.4951,7.2706,7.5855,860.2,1023.52631578947,1223.125,22.7655458333333,3.6265375,2.98494583333333,15.6850195295547,2.73613519276097,13.9778343197804,3.73049221183681
2009,7,"NAPL",3,0.0375,0.15,NA,NA,8,134,142,1464,1703,1969,44.4951,7.2706,7.5855,860.2,1023.52631578947,1223.125,22.7655458333333,3.6265375,2.98494583333333,15.6850195295547,2.73613519276097,13.9778343197804,3.73049221183681
2009,7,"NAPL",4,0.106875,0.19,14,30,0,0,0,1464,1703,1969,44.4951,7.2706,7.5855,860.2,1023.52631578947,1223.125,22.7655458333333,3.6265375,2.98494583333333,15.6850195295547,2.73613519276097,13.9778343197804,3.73049221183681
2009,7,"NAPL",5,0.2625,0.95,16.6666666666667,50,0,41,41,1464,1703,1969,44.4951,7.2706,7.5855,860.2,1023.52631578947,1223.125,22.7655458333333,3.6265375,2.98494583333333,15.6850195295547,2.73613519276097,13.9778343197804,3.73049221183681
2009,7,"NAPL",6,0.2375,0.65,12.5,25,13,122,135,1464,1703,1969,44.4951,7.2706,7.5855,860.2,1023.52631578947,1223.125,22.7655458333333,3.6265375,2.98494583333333,15.6850195295547,2.73613519276097,13.9778343197804,3.73049221183681
2009,7,"NAPL",7,0.209375,0.5875,42.3333333333333,75,6,102,108,1464,1703,1969,44.4951,7.2706,7.5855,860.2,1023.52631578947,1223.125,22.7655458333333,3.6265375,2.98494583333333,15.6850195295547,2.73613519276097,13.9778343197804,3.73049221183681
2009,7,"NAPL",8,0.20625,0.35,48.3333333333333,75,21,266,287,1464,1703,1969,44.4951,7.2706,7.5855,860.2,1023.52631578947,1223.125,22.7655458333333,3.6265375,2.98494583333333,15.6850195295547,2.73613519276097,13.9778343197804,3.73049221183681
2010,7,"ABUR",1,0.325,1.15,43.5,87,0,0,0,1635,1657,2045,95.3043,14.1948,10.2204,1273.52173913043,958.636363636364,1302.45833333333,43.6154625,6.25631666666667,3.80624166666667,14.0269511284722,1.66558768412929,13.6216438109319,2.782411020938
2010,7,"ABUR",2,0,0,0,0,0,0,0,1635,1657,2045,95.3043,14.1948,10.2204,1273.52173913043,958.636363636364,1302.45833333333,43.6154625,6.25631666666667,3.80624166666667,14.0269511284722,1.66558768412929,13.6216438109319,2.782411020938
2010,7,"CARP",1,0.261235119047619,0.314285714285714,22,25,4,111,115,1664,1457,1801,153.7754,21.0294,14.8307,1101.5,711.842105263158,1036.625,52.6890565217391,6.8051652173913,5.07028333333333,15.2147841422122,1.93285196440493,14.1049264294927,2.00802833736136
2010,7,"CARP",2,0.14913433908046,0.19375,20,20,0,52,52,1664,1457,1801,153.7754,21.0294,14.8307,1101.5,711.842105263158,1036.625,52.6890565217391,6.8051652173913,5.07028333333333,15.2147841422122,1.93285196440493,14.1049264294927,2.00802833736136
2010,7,"CARP",3,0,0,0,0,12,133,145,1664,1457,1801,153.7754,21.0294,14.8307,1101.5,711.842105263158,1036.625,52.6890565217391,6.8051652173913,5.07028333333333,15.2147841422122,1.93285196440493,14.1049264294927,2.00802833736136
2010,7,"CARP",4,0,0,0,0,3,367,370,1664,1457,1801,153.7754,21.0294,14.8307,1101.5,711.842105263158,1036.625,52.6890565217391,6.8051652173913,5.07028333333333,15.2147841422122,1.93285196440493,14.1049264294927,2.00802833736136
2010,7,"CARP",5,0,0,0,0,4,215,219,1664,1457,1801,153.7754,21.0294,14.8307,1101.5,711.842105263158,1036.625,52.6890565217391,6.8051652173913,5.07028333333333,15.2147841422122,1.93285196440493,14.1049264294927,2.00802833736136
2010,7,"CARP",6,0,0,0,0,7,173,180,1664,1457,1801,153.7754,21.0294,14.8307,1101.5,711.842105263158,1036.625,52.6890565217391,6.8051652173913,5.07028333333333,15.2147841422122,1.93285196440493,14.1049264294927,2.00802833736136
2010,7,"CARP",7,0,0,0,0,16,234,250,1664,1457,1801,153.7754,21.0294,14.8307,1101.5,711.842105263158,1036.625,52.6890565217391,6.8051652173913,5.07028333333333,15.2147841422122,1.93285196440493,14.1049264294927,2.00802833736136
2010,7,"CARP",8,0,0,0,0,1,254,255,1664,1457,1801,153.7754,21.0294,14.8307,1101.5,711.842105263158,1036.625,52.6890565217391,6.8051652173913,5.07028333333333,15.2147841422122,1.93285196440493,14.1049264294927,2.00802833736136
2010,7,"MOHK",1,0.216738744506193,0.347222222222222,37.5714285714286,69,13,43,56,1627,1640,1878,93.1408,12.1297,14.1481,1215.18181818182,836.809523809524,1059.83333333333,40.3496375,5.89797083333333,4.01235833333333,14.6418752604167,1.67317705562545,14.0394592770639,2.74399958905946
2010,7,"MOHK",2,0.271174242424242,0.798333333333333,51.7777777777778,99,6,122,128,1627,1640,1878,93.1408,12.1297,14.1481,1215.18181818182,836.809523809524,1059.83333333333,40.3496375,5.89797083333333,4.01235833333333,14.6418752604167,1.67317705562545,14.0394592770639,2.74399958905946
2010,7,"NAPL",1,0.424253472222222,0.4625,34,58,11,177,188,1580,1748,1963,72.8653,12.1485,18.7377,997.722222222222,928.058823529412,973,33.593275,5.4703875,4.31221666666667,14.3856182291667,1.50600494738883,13.6020716777119,2.96197970268854
2010,7,"NAPL",2,0.05,0.2,14,28,36,90,126,1580,1748,1963,72.8653,12.1485,18.7377,997.722222222222,928.058823529412,973,33.593275,5.4703875,4.31221666666667,14.3856182291667,1.50600494738883,13.6020716777119,2.96197970268854
2010,7,"NAPL",3,0.195625,0.345,31.8333333333333,55,11,102,113,1580,1748,1963,72.8653,12.1485,18.7377,997.722222222222,928.058823529412,973,33.593275,5.4703875,4.31221666666667,14.3856182291667,1.50600494738883,13.6020716777119,2.96197970268854
2010,7,"NAPL",4,0.075,0.25,0,0,0,21,21,1580,1748,1963,72.8653,12.1485,18.7377,997.722222222222,928.058823529412,973,33.593275,5.4703875,4.31221666666667,14.3856182291667,1.50600494738883,13.6020716777119,2.96197970268854
2010,7,"NAPL",5,0.0375,0.15,0,0,42,73,115,1580,1748,1963,72.8653,12.1485,18.7377,997.722222222222,928.058823529412,973,33.593275,5.4703875,4.31221666666667,14.3856182291667,1.50600494738883,13.6020716777119,2.96197970268854
2010,7,"NAPL",6,0,0,0,0,25,48,73,1580,1748,1963,72.8653,12.1485,18.7377,997.722222222222,928.058823529412,973,33.593275,5.4703875,4.31221666666667,14.3856182291667,1.50600494738883,13.6020716777119,2.96197970268854
2010,7,"NAPL",7,0.1,0.4,11.25,45,9,41,50,1580,1748,1963,72.8653,12.1485,18.7377,997.722222222222,928.058823529412,973,33.593275,5.4703875,4.31221666666667,14.3856182291667,1.50600494738883,13.6020716777119,2.96197970268854
2010,7,"NAPL",8,0.08125,0.325,7.25,29,11,188,199,1580,1748,1963,72.8653,12.1485,18.7377,997.722222222222,928.058823529412,973,33.593275,5.4703875,4.31221666666667,14.3856182291667,1.50600494738883,13.6020716777119,2.96197970268854
2011,7,"ABUR",1,0.25,0.675,35,45,0,0,0,1448,1665,2065,72.0717,7.7513,8.7264,698.545454545455,991.411764705882,1139.90909090909,32.6153347826087,4.67840434782609,3.471125,15.00582545894,2.4811367839328,13.46199704323,2.17390381754902
2011,7,"ABUR",2,0.55,2.2,60,60,0,0,0,1448,1665,2065,72.0717,7.7513,8.7264,698.545454545455,991.411764705882,1139.90909090909,32.6153347826087,4.67840434782609,3.471125,15.00582545894,2.4811367839328,13.46199704323,2.17390381754902
2011,7,"CARP",1,0.412449252136752,0.51,31,45,1,52,53,1590,1713,2071,70.5535,10.2028,20.1826,1007.81818181818,922.625,1231,39.3229954545455,5.76826818181818,4.84255416666667,15.7297443270397,2.47645249906909,13.7976833190395,1.69114037849782
2011,7,"CARP",2,0.734166666666667,1.05,26.2916666666667,40,0,29,29,1590,1713,2071,70.5535,10.2028,20.1826,1007.81818181818,922.625,1231,39.3229954545455,5.76826818181818,4.84255416666667,15.7297443270397,2.47645249906909,13.7976833190395,1.69114037849782
2011,7,"CARP",3,0,0,NA,NA,7,119,126,1590,1713,2071,70.5535,10.2028,20.1826,1007.81818181818,922.625,1231,39.3229954545455,5.76826818181818,4.84255416666667,15.7297443270397,2.47645249906909,13.7976833190395,1.69114037849782
2011,7,"CARP",4,0,0,NA,NA,2,262,264,1590,1713,2071,70.5535,10.2028,20.1826,1007.81818181818,922.625,1231,39.3229954545455,5.76826818181818,4.84255416666667,15.7297443270397,2.47645249906909,13.7976833190395,1.69114037849782
2011,7,"CARP",5,0,0,NA,NA,2,130,132,1590,1713,2071,70.5535,10.2028,20.1826,1007.81818181818,922.625,1231,39.3229954545455,5.76826818181818,4.84255416666667,15.7297443270397,2.47645249906909,13.7976833190395,1.69114037849782
2011,7,"CARP",6,0,0,NA,NA,7,178,185,1590,1713,2071,70.5535,10.2028,20.1826,1007.81818181818,922.625,1231,39.3229954545455,5.76826818181818,4.84255416666667,15.7297443270397,2.47645249906909,13.7976833190395,1.69114037849782
2011,7,"CARP",7,0,0,NA,NA,8,141,149,1590,1713,2071,70.5535,10.2028,20.1826,1007.81818181818,922.625,1231,39.3229954545455,5.76826818181818,4.84255416666667,15.7297443270397,2.47645249906909,13.7976833190395,1.69114037849782
2011,7,"CARP",8,0,0,NA,NA,3,204,207,1590,1713,2071,70.5535,10.2028,20.1826,1007.81818181818,922.625,1231,39.3229954545455,5.76826818181818,4.84255416666667,15.7297443270397,2.47645249906909,13.7976833190395,1.69114037849782
2011,7,"MOHK",1,1.33072916666667,2.00625,42.6111111111111,65,9,37,46,1433,1660,2072,85.5396,8.8336,6.6148,829.421052631579,985.8,1050.82608695652,33.3303318181818,4.53295909090909,3.07842083333333,15.633503211248,2.66968201913032,13.6096107204117,2.04409995952138
2011,7,"MOHK",2,1.3581746031746,2.025,47.7307692307692,85,2,54,56,1433,1660,2072,85.5396,8.8336,6.6148,829.421052631579,985.8,1050.82608695652,33.3303318181818,4.53295909090909,3.07842083333333,15.633503211248,2.66968201913032,13.6096107204117,2.04409995952138
2011,7,"NAPL",1,0.153125,0.25,35,35,17,45,62,1616,1696,2092,99.9196,11.8963,21.3376,702.055555555556,1066.64705882353,1092.29166666667,32.4488458333333,4.76556666666667,5.06410833333333,15.1335629340278,2.62110942550337,13.3633812821612,2.24926918185086
2011,7,"NAPL",2,0.264583333333333,0.825,33,33,20,33,53,1616,1696,2092,99.9196,11.8963,21.3376,702.055555555556,1066.64705882353,1092.29166666667,32.4488458333333,4.76556666666667,5.06410833333333,15.1335629340278,2.62110942550337,13.3633812821612,2.24926918185086
2011,7,"NAPL",3,0.449305555555556,0.9,33.1818181818182,45,4,66,70,1616,1696,2092,99.9196,11.8963,21.3376,702.055555555556,1066.64705882353,1092.29166666667,32.4488458333333,4.76556666666667,5.06410833333333,15.1335629340278,2.62110942550337,13.3633812821612,2.24926918185086
2011,7,"NAPL",4,0,0,NA,NA,33,78,111,1616,1696,2092,99.9196,11.8963,21.3376,702.055555555556,1066.64705882353,1092.29166666667,32.4488458333333,4.76556666666667,5.06410833333333,15.1335629340278,2.62110942550337,13.3633812821612,2.24926918185086
2011,7,"NAPL",5,0,0,NA,NA,11,13,24,1616,1696,2092,99.9196,11.8963,21.3376,702.055555555556,1066.64705882353,1092.29166666667,32.4488458333333,4.76556666666667,5.06410833333333,15.1335629340278,2.62110942550337,13.3633812821612,2.24926918185086
2011,7,"NAPL",6,0.125,0.2,NA,NA,19,66,85,1616,1696,2092,99.9196,11.8963,21.3376,702.055555555556,1066.64705882353,1092.29166666667,32.4488458333333,4.76556666666667,5.06410833333333,15.1335629340278,2.62110942550337,13.3633812821612,2.24926918185086
2011,7,"NAPL",7,0.075,0.15,NA,NA,0,14,14,1616,1696,2092,99.9196,11.8963,21.3376,702.055555555556,1066.64705882353,1092.29166666667,32.4488458333333,4.76556666666667,5.06410833333333,15.1335629340278,2.62110942550337,13.3633812821612,2.24926918185086
2011,7,"NAPL",8,0.0625,0.25,NA,NA,8,66,74,1616,1696,2092,99.9196,11.8963,21.3376,702.055555555556,1066.64705882353,1092.29166666667,32.4488458333333,4.76556666666667,5.06410833333333,15.1335629340278,2.62110942550337,13.3633812821612,2.24926918185086
2012,7,"ABUR",1,4.73958333333333,7.5,62.25,82,0,0,0,1372,1676,2027,47.9936,7.9099,5.766,877.9,707.3,1197.79166666667,22.2905458333333,3.53842708333333,1.93110833333333,15.5459571439446,1.45067911440863,13.8460641076051,3.28152855129182
2012,7,"ABUR",2,0,0,0,0,0,0,0,1372,1676,2027,47.9936,7.9099,5.766,877.9,707.3,1197.79166666667,22.2905458333333,3.53842708333333,1.93110833333333,15.5459571439446,1.45067911440863,13.8460641076051,3.28152855129182
2012,7,"CARP",1,0.615833333333333,0.9,19.0833333333333,28,6,112,118,1657,1469,2011,214.1741,23.5965,19.2376,1200.45,885,1462.85416666667,33.5931291666667,4.75687083333333,2.43086875,16.0763394237526,1.47556872804213,14.1312334738243,3.41187359461873
2012,7,"CARP",2,4.27125,11.35,75.8888888888889,160,0,44,44,1657,1469,2011,214.1741,23.5965,19.2376,1200.45,885,1462.85416666667,33.5931291666667,4.75687083333333,2.43086875,16.0763394237526,1.47556872804213,14.1312334738243,3.41187359461873
2012,7,"CARP",3,0,0,0,0,13,146,159,1657,1469,2011,214.1741,23.5965,19.2376,1200.45,885,1462.85416666667,33.5931291666667,4.75687083333333,2.43086875,16.0763394237526,1.47556872804213,14.1312334738243,3.41187359461873
2012,7,"CARP",4,0,0,0,0,15,269,284,1657,1469,2011,214.1741,23.5965,19.2376,1200.45,885,1462.85416666667,33.5931291666667,4.75687083333333,2.43086875,16.0763394237526,1.47556872804213,14.1312334738243,3.41187359461873
2012,7,"CARP",5,0,0,0,0,5,83,88,1657,1469,2011,214.1741,23.5965,19.2376,1200.45,885,1462.85416666667,33.5931291666667,4.75687083333333,2.43086875,16.0763394237526,1.47556872804213,14.1312334738243,3.41187359461873
2012,7,"CARP",6,0,0,0,0,24,203,227,1657,1469,2011,214.1741,23.5965,19.2376,1200.45,885,1462.85416666667,33.5931291666667,4.75687083333333,2.43086875,16.0763394237526,1.47556872804213,14.1312334738243,3.41187359461873
2012,7,"CARP",7,0,0,0,0,20,207,227,1657,1469,2011,214.1741,23.5965,19.2376,1200.45,885,1462.85416666667,33.5931291666667,4.75687083333333,2.43086875,16.0763394237526,1.47556872804213,14.1312334738243,3.41187359461873
2012,7,"CARP",8,0,0,0,0,7,106,113,1657,1469,2011,214.1741,23.5965,19.2376,1200.45,885,1462.85416666667,33.5931291666667,4.75687083333333,2.43086875,16.0763394237526,1.47556872804213,14.1312334738243,3.41187359461873
2012,7,"MOHK",1,1.61160714285714,3.15,36.4210526315789,89,7,37,44,1337,1316,2005,47.2764,8.7196,6.711,663.190476190476,632.05,1151.08333333333,24.3828125,3.84358541666667,2.03009791666667,16.1820910991637,1.82700001390463,14.7823283414452,4.4834354775518
2012,7,"MOHK",2,1.95515873015873,2.69285714285714,59.5,132,1,52,53,1337,1316,2005,47.2764,8.7196,6.711,663.190476190476,632.05,1151.08333333333,24.3828125,3.84358541666667,2.03009791666667,16.1820910991637,1.82700001390463,14.7823283414452,4.4834354775518
2012,7,"NAPL",1,0.550511363636364,0.9875,21.1923076923077,52,44,58,102,935,1631,2028,53.9918,9.2433,10.628,297.352941176471,828.235294117647,1167.91666666667,24.1844104166667,3.88111041666667,2.93642708333333,15.7454804980498,2.35784600239534,13.5138842105263,3.71224884022603
2012,7,"NAPL",2,0.607291666666667,1,26.5,56,50,18,68,935,1631,2028,53.9918,9.2433,10.628,297.352941176471,828.235294117647,1167.91666666667,24.1844104166667,3.88111041666667,2.93642708333333,15.7454804980498,2.35784600239534,13.5138842105263,3.71224884022603
2012,7,"NAPL",3,0.619940476190476,1.07142857142857,24.7368421052632,40,40,55,95,935,1631,2028,53.9918,9.2433,10.628,297.352941176471,828.235294117647,1167.91666666667,24.1844104166667,3.88111041666667,2.93642708333333,15.7454804980498,2.35784600239534,13.5138842105263,3.71224884022603
2012,7,"NAPL",4,0,0,0,0,48,21,69,935,1631,2028,53.9918,9.2433,10.628,297.352941176471,828.235294117647,1167.91666666667,24.1844104166667,3.88111041666667,2.93642708333333,15.7454804980498,2.35784600239534,13.5138842105263,3.71224884022603
2012,7,"NAPL",5,0.1,0.4,7,28,20,10,30,935,1631,2028,53.9918,9.2433,10.628,297.352941176471,828.235294117647,1167.91666666667,24.1844104166667,3.88111041666667,2.93642708333333,15.7454804980498,2.35784600239534,13.5138842105263,3.71224884022603
2012,7,"NAPL",6,0.6625,2.65,11,44,34,116,150,935,1631,2028,53.9918,9.2433,10.628,297.352941176471,828.235294117647,1167.91666666667,24.1844104166667,3.88111041666667,2.93642708333333,15.7454804980498,2.35784600239534,13.5138842105263,3.71224884022603
2012,7,"NAPL",7,0.6,1.8,23.75,39,9,16,25,935,1631,2028,53.9918,9.2433,10.628,297.352941176471,828.235294117647,1167.91666666667,24.1844104166667,3.88111041666667,2.93642708333333,15.7454804980498,2.35784600239534,13.5138842105263,3.71224884022603
2012,7,"NAPL",8,0,0,0,0,2,36,38,935,1631,2028,53.9918,9.2433,10.628,297.352941176471,828.235294117647,1167.91666666667,24.1844104166667,3.88111041666667,2.93642708333333,15.7454804980498,2.35784600239534,13.5138842105263,3.71224884022603
2013,7,"ABUR",1,2.9725,7.2,65.375,130,0,0,0,1333,1098,1361,71.0912,8.9415,8.4293,732,618.142857142857,802.882352941176,31.23160625,4.32894375,2.1217,15.5326906139205,1.83167128357521,14.2594237692421,3.09305413645204
2013,7,"ABUR",2,0,0,0,0,0,0,0,1333,1098,1361,71.0912,8.9415,8.4293,732,618.142857142857,802.882352941176,31.23160625,4.32894375,2.1217,15.5326906139205,1.83167128357521,14.2594237692421,3.09305413645204
2013,7,"CARP",1,0.3875,0.8,22,34,5,128,133,1585,1337,1677,129.4903,14.7283,10.594,898,656.823529411765,1023.22222222222,34.9278,4.86855625,2.56366363636364,16.2089932752728,1.61900188540127,15.0747218125,3.00471479966158
2013,7,"CARP",2,0.221458333333333,0.31,19.28,37,0,128,128,1585,1337,1677,129.4903,14.7283,10.594,898,656.823529411765,1023.22222222222,34.9278,4.86855625,2.56366363636364,16.2089932752728,1.61900188540127,15.0747218125,3.00471479966158
2013,7,"CARP",3,0,0,0,0,24,115,139,1585,1337,1677,129.4903,14.7283,10.594,898,656.823529411765,1023.22222222222,34.9278,4.86855625,2.56366363636364,16.2089932752728,1.61900188540127,15.0747218125,3.00471479966158
2013,7,"CARP",4,0,0,0,0,5,527,532,1585,1337,1677,129.4903,14.7283,10.594,898,656.823529411765,1023.22222222222,34.9278,4.86855625,2.56366363636364,16.2089932752728,1.61900188540127,15.0747218125,3.00471479966158
2013,7,"CARP",5,0,0,0,0,9,119,128,1585,1337,1677,129.4903,14.7283,10.594,898,656.823529411765,1023.22222222222,34.9278,4.86855625,2.56366363636364,16.2089932752728,1.61900188540127,15.0747218125,3.00471479966158
2013,7,"CARP",6,0,0,0,0,19,186,205,1585,1337,1677,129.4903,14.7283,10.594,898,656.823529411765,1023.22222222222,34.9278,4.86855625,2.56366363636364,16.2089932752728,1.61900188540127,15.0747218125,3.00471479966158
2013,7,"CARP",7,0,0,0,0,16,158,174,1585,1337,1677,129.4903,14.7283,10.594,898,656.823529411765,1023.22222222222,34.9278,4.86855625,2.56366363636364,16.2089932752728,1.61900188540127,15.0747218125,3.00471479966158
2013,7,"CARP",8,0,0,0,0,5,183,188,1585,1337,1677,129.4903,14.7283,10.594,898,656.823529411765,1023.22222222222,34.9278,4.86855625,2.56366363636364,16.2089932752728,1.61900188540127,15.0747218125,3.00471479966158
2013,7,"MOHK",1,1.028125,1.7125,66.2,120,19,53,72,1332,1059,1479,71.9476,7.3458,6.753,829.384615384615,608.5,811.666666666667,30.77364375,4.20359375,2.06626818181818,16.3702783612534,1.75697749221316,14.5239217182636,3.30549516684053
2013,7,"MOHK",2,3.50625,6.45,89.125,160,3,79,82,1332,1059,1479,71.9476,7.3458,6.753,829.384615384615,608.5,811.666666666667,30.77364375,4.20359375,2.06626818181818,16.3702783612534,1.75697749221316,14.5239217182636,3.30549516684053
2013,7,"NAPL",1,0.627083333333333,1.03333333333333,36.4615384615385,65,34,33,67,1391,1666,1850,47.1473,8.1552,12.5289,893.916666666667,759.933333333333,827,27.74389375,4.3479375,2.56434545454545,15.9234997396285,1.74488949344611,14.1507156693186,3.26858041785187
2013,7,"NAPL",2,0.298721590909091,0.58125,28.5714285714286,55,36,21,57,1391,1666,1850,47.1473,8.1552,12.5289,893.916666666667,759.933333333333,827,27.74389375,4.3479375,2.56434545454545,15.9234997396285,1.74488949344611,14.1507156693186,3.26858041785187
2013,7,"NAPL",3,0.216666666666667,0.65,27.3333333333333,44,58,44,102,1391,1666,1850,47.1473,8.1552,12.5289,893.916666666667,759.933333333333,827,27.74389375,4.3479375,2.56434545454545,15.9234997396285,1.74488949344611,14.1507156693186,3.26858041785187
2013,7,"NAPL",4,0.10125,0.165,30,30,0,5,5,1391,1666,1850,47.1473,8.1552,12.5289,893.916666666667,759.933333333333,827,27.74389375,4.3479375,2.56434545454545,15.9234997396285,1.74488949344611,14.1507156693186,3.26858041785187
2013,7,"NAPL",5,0.734375,1.1625,46,70,6,6,12,1391,1666,1850,47.1473,8.1552,12.5289,893.916666666667,759.933333333333,827,27.74389375,4.3479375,2.56434545454545,15.9234997396285,1.74488949344611,14.1507156693186,3.26858041785187
2013,7,"NAPL",6,0.536458333333333,1.4125,41.3636363636364,75,21,31,52,1391,1666,1850,47.1473,8.1552,12.5289,893.916666666667,759.933333333333,827,27.74389375,4.3479375,2.56434545454545,15.9234997396285,1.74488949344611,14.1507156693186,3.26858041785187
2013,7,"NAPL",7,0.16875,0.475,18.4,33,15,9,24,1391,1666,1850,47.1473,8.1552,12.5289,893.916666666667,759.933333333333,827,27.74389375,4.3479375,2.56434545454545,15.9234997396285,1.74488949344611,14.1507156693186,3.26858041785187
2013,7,"NAPL",8,0.50625,1.275,44.25,90,2,14,16,1391,1666,1850,47.1473,8.1552,12.5289,893.916666666667,759.933333333333,827,27.74389375,4.3479375,2.56434545454545,15.9234997396285,1.74488949344611,14.1507156693186,3.26858041785187
2014,7,"ABUR",1,0.175963857765328,0.1875,46,68,0,0,0,848,1739,1923,31.9325,4.7568,5.7185,430.571428571429,628.727272727273,670.818181818182,18.9662208333333,2.70112916666667,1.6084125,17.2388002903005,2.40272492698139,15.8963606295127,6.54644939123552
2014,7,"ABUR",2,0,0,0,0,0,0,0,848,1739,1923,31.9325,4.7568,5.7185,430.571428571429,628.727272727273,670.818181818182,18.9662208333333,2.70112916666667,1.6084125,17.2388002903005,2.40272492698139,15.8963606295127,6.54644939123552
2014,7,"CARP",1,0.328571428571429,0.764285714285714,23.5,25,6,94,100,1490,1449,1339,67.8135,10.9294,15.4664,689.909090909091,598.857142857143,816.909090909091,24.2662791666667,3.4383875,2.63671666666667,17.9603770506262,2.35834237674076,16.3608461854333,5.83231506537554
2014,7,"CARP",2,0.488541666666667,0.7,25.625,46,1,57,58,1490,1449,1339,67.8135,10.9294,15.4664,689.909090909091,598.857142857143,816.909090909091,24.2662791666667,3.4383875,2.63671666666667,17.9603770506262,2.35834237674076,16.3608461854333,5.83231506537554
2014,7,"CARP",3,0.05,0.2,0,0,20,191,211,1490,1449,1339,67.8135,10.9294,15.4664,689.909090909091,598.857142857143,816.909090909091,24.2662791666667,3.4383875,2.63671666666667,17.9603770506262,2.35834237674076,16.3608461854333,5.83231506537554
2014,7,"CARP",4,0.1625,0.5,12,30,13,242,255,1490,1449,1339,67.8135,10.9294,15.4664,689.909090909091,598.857142857143,816.909090909091,24.2662791666667,3.4383875,2.63671666666667,17.9603770506262,2.35834237674076,16.3608461854333,5.83231506537554
2014,7,"CARP",5,0.1125,0.35,10,20,3,71,74,1490,1449,1339,67.8135,10.9294,15.4664,689.909090909091,598.857142857143,816.909090909091,24.2662791666667,3.4383875,2.63671666666667,17.9603770506262,2.35834237674076,16.3608461854333,5.83231506537554
2014,7,"CARP",6,0,0,0,0,23,257,280,1490,1449,1339,67.8135,10.9294,15.4664,689.909090909091,598.857142857143,816.909090909091,24.2662791666667,3.4383875,2.63671666666667,17.9603770506262,2.35834237674076,16.3608461854333,5.83231506537554
2014,7,"CARP",7,0,0,0,0,13,173,186,1490,1449,1339,67.8135,10.9294,15.4664,689.909090909091,598.857142857143,816.909090909091,24.2662791666667,3.4383875,2.63671666666667,17.9603770506262,2.35834237674076,16.3608461854333,5.83231506537554
2014,7,"CARP",8,0,0,0,0,2,168,170,1490,1449,1339,67.8135,10.9294,15.4664,689.909090909091,598.857142857143,816.909090909091,24.2662791666667,3.4383875,2.63671666666667,17.9603770506262,2.35834237674076,16.3608461854333,5.83231506537554
2014,7,"MOHK",1,1.0523923992674,2.05,49.6,82,11,47,58,1094,1692,1795,31.2991,4.2866,3.4004,541.2,716,573.045454545455,16.4427541666667,2.22206666666667,1.1403875,17.9200166495902,2.22081091467453,16.1884132690562,6.18984112115258
2014,7,"MOHK",2,1.32353801169591,2.09166666666667,52.6666666666667,111,0,26,26,1094,1692,1795,31.2991,4.2866,3.4004,541.2,716,573.045454545455,16.4427541666667,2.22206666666667,1.1403875,17.9200166495902,2.22081091467453,16.1884132690562,6.18984112115258
2014,7,"NAPL",1,0.529151404151404,0.726923076923077,33.5172413793103,60,34,44,78,938,1758,1896,30.9465,5.553,9.5787,353,980.5,571.857142857143,16.9181173913043,2.41537826086957,1.76960869565217,17.5631275173611,2.16712030381777,15.8128354534173,6.71385130115551
2014,7,"NAPL",2,0.492536549707602,0.663333333333333,35,63,49,34,83,938,1758,1896,30.9465,5.553,9.5787,353,980.5,571.857142857143,16.9181173913043,2.41537826086957,1.76960869565217,17.5631275173611,2.16712030381777,15.8128354534173,6.71385130115551
2014,7,"NAPL",3,0.322261029411765,0.59375,33.2222222222222,55,32,45,77,938,1758,1896,30.9465,5.553,9.5787,353,980.5,571.857142857143,16.9181173913043,2.41537826086957,1.76960869565217,17.5631275173611,2.16712030381777,15.8128354534173,6.71385130115551
2014,7,"NAPL",4,0.05625,0.125,0,0,0,0,0,938,1758,1896,30.9465,5.553,9.5787,353,980.5,571.857142857143,16.9181173913043,2.41537826086957,1.76960869565217,17.5631275173611,2.16712030381777,15.8128354534173,6.71385130115551
2014,7,"NAPL",5,0.449968434343434,0.605555555555556,42.2,52,9,9,18,938,1758,1896,30.9465,5.553,9.5787,353,980.5,571.857142857143,16.9181173913043,2.41537826086957,1.76960869565217,17.5631275173611,2.16712030381777,15.8128354534173,6.71385130115551
2014,7,"NAPL",6,0.509375,0.7375,34.2857142857143,65,8,1,9,938,1758,1896,30.9465,5.553,9.5787,353,980.5,571.857142857143,16.9181173913043,2.41537826086957,1.76960869565217,17.5631275173611,2.16712030381777,15.8128354534173,6.71385130115551
2014,7,"NAPL",7,0.4096875,0.5325,29.2692307692308,50,5,8,13,938,1758,1896,30.9465,5.553,9.5787,353,980.5,571.857142857143,16.9181173913043,2.41537826086957,1.76960869565217,17.5631275173611,2.16712030381777,15.8128354534173,6.71385130115551
2014,7,"NAPL",8,0.361309523809524,0.633333333333333,28,48,1,3,4,938,1758,1896,30.9465,5.553,9.5787,353,980.5,571.857142857143,16.9181173913043,2.41537826086957,1.76960869565217,17.5631275173611,2.16712030381777,15.8128354534173,6.71385130115551
2015,7,"ABUR",1,0.409027777777778,0.827777777777778,25.5384615384615,40,0,0,0,993,1538,1372,310.9661,16.4283,15.0433,355.25,681.8,605.833333333333,93.0604958333333,6.037,2.44692916666667,17.8331749671772,6.31470055175434,16.1992280467519,5.08928567803002
2015,7,"ABUR",2,0,0,NA,NA,0,0,0,993,1538,1372,310.9661,16.4283,15.0433,355.25,681.8,605.833333333333,93.0604958333333,6.037,2.44692916666667,17.8331749671772,6.31470055175434,16.1992280467519,5.08928567803002
2015,7,"CARP",1,0.297429187192118,0.45,NA,NA,1,41,42,1309,1505,1732,311.4947,17.9604,11.0396,556.75,539.625,753.166666666667,93.6363041666667,6.09932083333333,1.644025,18.1044014607139,5.90668420544549,16.2165835556873,3.57850752078901
2015,7,"CARP",2,0.125,0.25,NA,NA,2,35,37,1309,1505,1732,311.4947,17.9604,11.0396,556.75,539.625,753.166666666667,93.6363041666667,6.09932083333333,1.644025,18.1044014607139,5.90668420544549,16.2165835556873,3.57850752078901
2015,7,"CARP",3,0.279335508241758,0.521428571428571,53.4444444444444,90,19,116,135,1309,1505,1732,311.4947,17.9604,11.0396,556.75,539.625,753.166666666667,93.6363041666667,6.09932083333333,1.644025,18.1044014607139,5.90668420544549,16.2165835556873,3.57850752078901
2015,7,"CARP",4,0,0,NA,NA,11,304,315,1309,1505,1732,311.4947,17.9604,11.0396,556.75,539.625,753.166666666667,93.6363041666667,6.09932083333333,1.644025,18.1044014607139,5.90668420544549,16.2165835556873,3.57850752078901
2015,7,"CARP",5,0.0375,0.15,NA,NA,2,66,68,1309,1505,1732,311.4947,17.9604,11.0396,556.75,539.625,753.166666666667,93.6363041666667,6.09932083333333,1.644025,18.1044014607139,5.90668420544549,16.2165835556873,3.57850752078901
2015,7,"CARP",6,0,0,NA,NA,11,341,352,1309,1505,1732,311.4947,17.9604,11.0396,556.75,539.625,753.166666666667,93.6363041666667,6.09932083333333,1.644025,18.1044014607139,5.90668420544549,16.2165835556873,3.57850752078901
2015,7,"CARP",7,0.025,0.1,NA,NA,19,215,234,1309,1505,1732,311.4947,17.9604,11.0396,556.75,539.625,753.166666666667,93.6363041666667,6.09932083333333,1.644025,18.1044014607139,5.90668420544549,16.2165835556873,3.57850752078901
2015,7,"CARP",8,0,0,NA,NA,3,226,229,1309,1505,1732,311.4947,17.9604,11.0396,556.75,539.625,753.166666666667,93.6363041666667,6.09932083333333,1.644025,18.1044014607139,5.90668420544549,16.2165835556873,3.57850752078901
2015,7,"MOHK",1,1.24047619047619,1.4,50,100,3,6,9,1092,1489,1319,311.2304,13.742,11.6426,358.266666666667,460,600.333333333333,90.0909416666667,5.74240833333333,2.19622916666667,18.4686699343545,5.93456641056755,16.5433033636602,5.2181985734775
2015,7,"MOHK",2,1.44769536019536,2.11538461538462,52.7674418604651,130,0,15,15,1092,1489,1319,311.2304,13.742,11.6426,358.266666666667,460,600.333333333333,90.0909416666667,5.74240833333333,2.19622916666667,18.4686699343545,5.93456641056755,16.5433033636602,5.2181985734775
2015,7,"NAPL",1,0.74125,0.875,37.2352941176471,99,13,11,24,1154,1291,1074,310.5696,16.7262,8.8115,455.769230769231,831.5,498.75,84.592975,5.22740416666667,1.77123333333333,18.2146123600382,5.86542580163192,16.2294887953961,4.56016220147902
2015,7,"NAPL",2,0.534532436162871,0.691304347826087,35.2916666666667,64,6,18,24,1154,1291,1074,310.5696,16.7262,8.8115,455.769230769231,831.5,498.75,84.592975,5.22740416666667,1.77123333333333,18.2146123600382,5.86542580163192,16.2294887953961,4.56016220147902
2015,7,"NAPL",3,0.460098965362123,0.757692307692308,30.5,48,37,38,75,1154,1291,1074,310.5696,16.7262,8.8115,455.769230769231,831.5,498.75,84.592975,5.22740416666667,1.77123333333333,18.2146123600382,5.86542580163192,16.2294887953961,4.56016220147902
2015,7,"NAPL",4,0.148691626409018,0.202173913043478,31,31,0,0,0,1154,1291,1074,310.5696,16.7262,8.8115,455.769230769231,831.5,498.75,84.592975,5.22740416666667,1.77123333333333,18.2146123600382,5.86542580163192,16.2294887953961,4.56016220147902
2015,7,"NAPL",5,0.853819444444444,1.25,44.4375,76,6,0,6,1154,1291,1074,310.5696,16.7262,8.8115,455.769230769231,831.5,498.75,84.592975,5.22740416666667,1.77123333333333,18.2146123600382,5.86542580163192,16.2294887953961,4.56016220147902
2015,7,"NAPL",6,0.787912087912088,1.03333333333333,38.8666666666667,76,4,14,18,1154,1291,1074,310.5696,16.7262,8.8115,455.769230769231,831.5,498.75,84.592975,5.22740416666667,1.77123333333333,18.2146123600382,5.86542580163192,16.2294887953961,4.56016220147902
2015,7,"NAPL",7,0.522821553446553,0.79,35.8,70,0,4,4,1154,1291,1074,310.5696,16.7262,8.8115,455.769230769231,831.5,498.75,84.592975,5.22740416666667,1.77123333333333,18.2146123600382,5.86542580163192,16.2294887953961,4.56016220147902
2015,7,"NAPL",8,0.642916666666667,0.808333333333333,34.04,62,4,3,7,1154,1291,1074,310.5696,16.7262,8.8115,455.769230769231,831.5,498.75,84.592975,5.22740416666667,1.77123333333333,18.2146123600382,5.86542580163192,16.2294887953961,4.56016220147902
2016,7,"ABUR",1,0.0875,0.35,23,29,0,0,0,1651,1373,1993,45.8712,7.8423,5.4905,571.25,517.571428571429,919.5,27.5373541666667,4.08250416666667,2.27924583333333,16.01046814736,3.01692961746759,14.7922500789391,1.52048434980391
2016,7,"ABUR",2,0.025,0.1,NA,NA,0,0,0,1651,1373,1993,45.8712,7.8423,5.4905,571.25,517.571428571429,919.5,27.5373541666667,4.08250416666667,2.27924583333333,16.01046814736,3.01692961746759,14.7922500789391,1.52048434980391
2016,7,"CARP",1,0.310084418987721,0.510377358490566,NA,NA,0,3,3,1441,1744,1951,46.691,6.7588,4.7492,596.25,1213,931.95652173913,27.9789125,3.92689166666667,2.17035,17.2417215239083,2.6778223357381,15.3294995739468,1.44575524925415
2016,7,"CARP",2,0.162214052287582,0.25,NA,NA,0,5,5,1441,1744,1951,46.691,6.7588,4.7492,596.25,1213,931.95652173913,27.9789125,3.92689166666667,2.17035,17.2417215239083,2.6778223357381,15.3294995739468,1.44575524925415
2016,7,"CARP",3,0.242267775797188,0.291764705882353,24.7142857142857,30,4,27,31,1441,1744,1951,46.691,6.7588,4.7492,596.25,1213,931.95652173913,27.9789125,3.92689166666667,2.17035,17.2417215239083,2.6778223357381,15.3294995739468,1.44575524925415
2016,7,"CARP",4,0.279161954099732,0.33135593220339,26,28,1,68,69,1441,1744,1951,46.691,6.7588,4.7492,596.25,1213,931.95652173913,27.9789125,3.92689166666667,2.17035,17.2417215239083,2.6778223357381,15.3294995739468,1.44575524925415
2016,7,"CARP",5,0.215692823075176,0.242857142857143,24.75,27,0,11,11,1441,1744,1951,46.691,6.7588,4.7492,596.25,1213,931.95652173913,27.9789125,3.92689166666667,2.17035,17.2417215239083,2.6778223357381,15.3294995739468,1.44575524925415
2016,7,"CARP",6,0.285003496058988,0.516666666666667,27,28,1,114,115,1441,1744,1951,46.691,6.7588,4.7492,596.25,1213,931.95652173913,27.9789125,3.92689166666667,2.17035,17.2417215239083,2.6778223357381,15.3294995739468,1.44575524925415
2016,7,"CARP",7,0.126121794871795,0.16,21.6666666666667,24,6,122,128,1441,1744,1951,46.691,6.7588,4.7492,596.25,1213,931.95652173913,27.9789125,3.92689166666667,2.17035,17.2417215239083,2.6778223357381,15.3294995739468,1.44575524925415
2016,7,"CARP",8,0.215400362318841,0.247916666666667,26,31,1,102,103,1441,1744,1951,46.691,6.7588,4.7492,596.25,1213,931.95652173913,27.9789125,3.92689166666667,2.17035,17.2417215239083,2.6778223357381,15.3294995739468,1.44575524925415
2016,7,"MOHK",1,0.167420098670099,0.207142857142857,NA,NA,0,6,6,1503,1705,1908,47.2233,6.4086,3.9451,725.375,863.333333333333,899.75,24.2325708333333,3.54644583333333,1.86605833333333,17.6388841313092,1.62572080632355,15.4817671201291,1.49206423849465
2016,7,"MOHK",2,0.173662547244202,0.216666666666667,34,53,0,10,10,1503,1705,1908,47.2233,6.4086,3.9451,725.375,863.333333333333,899.75,24.2325708333333,3.54644583333333,1.86605833333333,17.6388841313092,1.62572080632355,15.4817671201291,1.49206423849465
2016,7,"NAPL",1,0.309257669413919,0.389285714285714,25.9166666666667,40,11,13,24,1439,1746,1998,84.7088,11.5897,9.5361,696.214285714286,835.3,899.086956521739,25.4478416666667,3.71877916666667,2.39739583333333,16.544229531641,3.00834340142103,14.7487193296627,1.6561192136796
2016,7,"NAPL",2,0.458397031068525,0.554761904761905,27.0882352941176,45,6,5,11,1439,1746,1998,84.7088,11.5897,9.5361,696.214285714286,835.3,899.086956521739,25.4478416666667,3.71877916666667,2.39739583333333,16.544229531641,3.00834340142103,14.7487193296627,1.6561192136796
2016,7,"NAPL",3,0.409216775166898,0.497368421052632,33.1333333333333,60,18,8,26,1439,1746,1998,84.7088,11.5897,9.5361,696.214285714286,835.3,899.086956521739,25.4478416666667,3.71877916666667,2.39739583333333,16.544229531641,3.00834340142103,14.7487193296627,1.6561192136796
2016,7,"NAPL",4,0.126815610859729,0.16,NA,NA,0,0,0,1439,1746,1998,84.7088,11.5897,9.5361,696.214285714286,835.3,899.086956521739,25.4478416666667,3.71877916666667,2.39739583333333,16.544229531641,3.00834340142103,14.7487193296627,1.6561192136796
2016,7,"NAPL",5,0.330361766232268,0.417241379310345,32.3333333333333,39,3,0,3,1439,1746,1998,84.7088,11.5897,9.5361,696.214285714286,835.3,899.086956521739,25.4478416666667,3.71877916666667,2.39739583333333,16.544229531641,3.00834340142103,14.7487193296627,1.6561192136796
2016,7,"NAPL",6,0.63170621657754,0.71875,43.1333333333333,69,5,5,10,1439,1746,1998,84.7088,11.5897,9.5361,696.214285714286,835.3,899.086956521739,25.4478416666667,3.71877916666667,2.39739583333333,16.544229531641,3.00834340142103,14.7487193296627,1.6561192136796
2016,7,"NAPL",7,0.374761872286253,0.491666666666667,26.1142857142857,44,0,3,3,1439,1746,1998,84.7088,11.5897,9.5361,696.214285714286,835.3,899.086956521739,25.4478416666667,3.71877916666667,2.39739583333333,16.544229531641,3.00834340142103,14.7487193296627,1.6561192136796
2016,7,"NAPL",8,0.34725,0.4,23.5238095238095,33,4,4,8,1439,1746,1998,84.7088,11.5897,9.5361,696.214285714286,835.3,899.086956521739,25.4478416666667,3.71877916666667,2.39739583333333,16.544229531641,3.00834340142103,14.7487193296627,1.6561192136796
2017,7,"ABUR",1,0.025,0.1,NA,NA,0,0,0,1417,1068,1645,76.4567,11.0714,7.664,724.25,748.714285714286,555.363636363636,39.3691666666667,5.60710952380952,2.87316666666667,16.3678290946966,1.6716410125423,14.6739427127971,3.03027092034677
2017,7,"ABUR",2,0.06875,0.175,NA,NA,0,0,0,1417,1068,1645,76.4567,11.0714,7.664,724.25,748.714285714286,555.363636363636,39.3691666666667,5.60710952380952,2.87316666666667,16.3678290946966,1.6716410125423,14.6739427127971,3.03027092034677
2017,7,"CARP",1,0.3215471161869,0.339705882352941,28.7619047619048,60,0,4,4,1496,1369,1700,169.1613,15.5512,10.7548,922.952380952381,840,923.090909090909,38.2869590909091,5.07412727272727,2.3398125,17.4192228298611,1.60925726252239,15.1837432281423,2.88173152171217
2017,7,"CARP",2,1.79019230769231,2.2,54.9285714285714,120,0,18,18,1496,1369,1700,169.1613,15.5512,10.7548,922.952380952381,840,923.090909090909,38.2869590909091,5.07412727272727,2.3398125,17.4192228298611,1.60925726252239,15.1837432281423,2.88173152171217
2017,7,"CARP",3,1.05190476190476,1.47,44.625,70,3,47,50,1496,1369,1700,169.1613,15.5512,10.7548,922.952380952381,840,923.090909090909,38.2869590909091,5.07412727272727,2.3398125,17.4192228298611,1.60925726252239,15.1837432281423,2.88173152171217
2017,7,"CARP",4,0.45375,0.633333333333333,33.6666666666667,44,3,86,89,1496,1369,1700,169.1613,15.5512,10.7548,922.952380952381,840,923.090909090909,38.2869590909091,5.07412727272727,2.3398125,17.4192228298611,1.60925726252239,15.1837432281423,2.88173152171217
2017,7,"CARP",5,1.13288194444444,1.96666666666667,35.2571428571429,89,0,10,10,1496,1369,1700,169.1613,15.5512,10.7548,922.952380952381,840,923.090909090909,38.2869590909091,5.07412727272727,2.3398125,17.4192228298611,1.60925726252239,15.1837432281423,2.88173152171217
2017,7,"CARP",6,0.90625,1.45,34.875,55,0,123,123,1496,1369,1700,169.1613,15.5512,10.7548,922.952380952381,840,923.090909090909,38.2869590909091,5.07412727272727,2.3398125,17.4192228298611,1.60925726252239,15.1837432281423,2.88173152171217
2017,7,"CARP",7,1.28090277777778,3.01111111111111,51.1363636363636,96,3,76,79,1496,1369,1700,169.1613,15.5512,10.7548,922.952380952381,840,923.090909090909,38.2869590909091,5.07412727272727,2.3398125,17.4192228298611,1.60925726252239,15.1837432281423,2.88173152171217
2017,7,"CARP",8,1.08632352941176,1.51,37.695652173913,70,3,94,97,1496,1369,1700,169.1613,15.5512,10.7548,922.952380952381,840,923.090909090909,38.2869590909091,5.07412727272727,2.3398125,17.4192228298611,1.60925726252239,15.1837432281423,2.88173152171217
2017,7,"MOHK",1,1.18333333333333,1.5875,36.125,50,2,7,9,1406,1403,1726,74.5044,10.1709,9.4607,833.266666666667,1056.33333333333,566.047619047619,36.1661428571429,4.92880952380952,2.69647916666667,15.9137740805604,1.33204103245864,14.2440955921402,1.20768009623614
2017,7,"MOHK",2,1.36151879370629,1.88636363636364,46.5434782608696,85,0,2,2,1406,1403,1726,74.5044,10.1709,9.4607,833.266666666667,1056.33333333333,566.047619047619,36.1661428571429,4.92880952380952,2.69647916666667,15.9137740805604,1.33204103245864,14.2440955921402,1.20768009623614
2017,7,"NAPL",1,0.25304953141896,0.324390243902439,31.7333333333333,44,9,4,13,1222,1648,1729,64.2517,9.3166,8.6315,619.733333333333,839.888888888889,617.5,30.8116333333333,4.67747142857143,2.7333125,16.6792335734745,2.21968487503943,14.4780422256775,3.73329544484919
2017,7,"NAPL",2,0.218836743822797,0.235616438356164,31.2,42,5,11,16,1222,1648,1729,64.2517,9.3166,8.6315,619.733333333333,839.888888888889,617.5,30.8116333333333,4.67747142857143,2.7333125,16.6792335734745,2.21968487503943,14.4780422256775,3.73329544484919
2017,7,"NAPL",3,0.273504559874677,0.364179104477612,25.7368421052632,32,4,14,18,1222,1648,1729,64.2517,9.3166,8.6315,619.733333333333,839.888888888889,617.5,30.8116333333333,4.67747142857143,2.7333125,16.6792335734745,2.21968487503943,14.4780422256775,3.73329544484919
2017,7,"NAPL",4,0.0375,0.1,NA,NA,0,15,15,1222,1648,1729,64.2517,9.3166,8.6315,619.733333333333,839.888888888889,617.5,30.8116333333333,4.67747142857143,2.7333125,16.6792335734745,2.21968487503943,14.4780422256775,3.73329544484919
2017,7,"NAPL",5,0.215411400364711,0.297368421052632,26.1666666666667,32,0,11,11,1222,1648,1729,64.2517,9.3166,8.6315,619.733333333333,839.888888888889,617.5,30.8116333333333,4.67747142857143,2.7333125,16.6792335734745,2.21968487503943,14.4780422256775,3.73329544484919
2017,7,"NAPL",6,0.224487920168067,0.319642857142857,28,35,5,8,13,1222,1648,1729,64.2517,9.3166,8.6315,619.733333333333,839.888888888889,617.5,30.8116333333333,4.67747142857143,2.7333125,16.6792335734745,2.21968487503943,14.4780422256775,3.73329544484919
2017,7,"NAPL",7,0.209954710144928,0.245652173913043,28.8333333333333,40,0,1,1,1222,1648,1729,64.2517,9.3166,8.6315,619.733333333333,839.888888888889,617.5,30.8116333333333,4.67747142857143,2.7333125,16.6792335734745,2.21968487503943,14.4780422256775,3.73329544484919
2017,7,"NAPL",8,0.185826901682659,0.261111111111111,28.6,40,1,0,1,1222,1648,1729,64.2517,9.3166,8.6315,619.733333333333,839.888888888889,617.5,30.8116333333333,4.67747142857143,2.7333125,16.6792335734745,2.21968487503943,14.4780422256775,3.73329544484919
2018,7,"ABUR",1,0,0,NA,NA,0,0,0,866,1628,1909,91.5797,12.5665,6.0998,536.333333333333,900.272727272727,898.055555555556,30.1221125,4.29532083333333,2.08039166666667,17.3695701388889,3.83895276361588,15.0102775374509,5.01433726852436
2018,7,"ABUR",2,1.49517857142857,2.01428571428571,36.1428571428571,70,0,0,0,866,1628,1909,91.5797,12.5665,6.0998,536.333333333333,900.272727272727,898.055555555556,30.1221125,4.29532083333333,2.08039166666667,17.3695701388889,3.83895276361588,15.0102775374509,5.01433726852436
2018,7,"CARP",1,0.141682692307692,0.21,NA,NA,0,4,4,1645,1603,2013,133.4408,19.4649,12.4583,814.333333333333,891.846153846154,1227.45,40.5454,5.59465416666667,2.86168333333333,15.9606306878307,0.735708633591159,14.2104704319625,1.5447200967897
2018,7,"CARP",2,0,0,NA,NA,0,10,10,1645,1603,2013,133.4408,19.4649,12.4583,814.333333333333,891.846153846154,1227.45,40.5454,5.59465416666667,2.86168333333333,15.9606306878307,0.735708633591159,14.2104704319625,1.5447200967897
2018,7,"CARP",3,0.0125,0.05,NA,NA,5,55,60,1645,1603,2013,133.4408,19.4649,12.4583,814.333333333333,891.846153846154,1227.45,40.5454,5.59465416666667,2.86168333333333,15.9606306878307,0.735708633591159,14.2104704319625,1.5447200967897
2018,7,"CARP",4,0,0,NA,NA,2,85,87,1645,1603,2013,133.4408,19.4649,12.4583,814.333333333333,891.846153846154,1227.45,40.5454,5.59465416666667,2.86168333333333,15.9606306878307,0.735708633591159,14.2104704319625,1.5447200967897
2018,7,"CARP",5,0,0,NA,NA,0,13,13,1645,1603,2013,133.4408,19.4649,12.4583,814.333333333333,891.846153846154,1227.45,40.5454,5.59465416666667,2.86168333333333,15.9606306878307,0.735708633591159,14.2104704319625,1.5447200967897
2018,7,"CARP",6,0.595833333333333,2.13333333333333,51.6,100,5,166,171,1645,1603,2013,133.4408,19.4649,12.4583,814.333333333333,891.846153846154,1227.45,40.5454,5.59465416666667,2.86168333333333,15.9606306878307,0.735708633591159,14.2104704319625,1.5447200967897
2018,7,"CARP",7,0.7125,2.05,52,68,15,99,114,1645,1603,2013,133.4408,19.4649,12.4583,814.333333333333,891.846153846154,1227.45,40.5454,5.59465416666667,2.86168333333333,15.9606306878307,0.735708633591159,14.2104704319625,1.5447200967897
2018,7,"CARP",8,0.0625,0.25,NA,NA,4,90,94,1645,1603,2013,133.4408,19.4649,12.4583,814.333333333333,891.846153846154,1227.45,40.5454,5.59465416666667,2.86168333333333,15.9606306878307,0.735708633591159,14.2104704319625,1.5447200967897
2018,7,"MOHK",1,0.953125,2.1,43,65,4,8,12,1231,1596,1836,74.191,11.1121,5.8903,560.125,707,979.5,28.4942375,4.08265833333333,1.86244166666667,17.8049345439761,3.41544270037745,14.8623998327166,3.97042131621054
2018,7,"MOHK",2,1.75955357142857,2.815,50.7931034482759,125,0,12,12,1231,1596,1836,74.191,11.1121,5.8903,560.125,707,979.5,28.4942375,4.08265833333333,1.86244166666667,17.8049345439761,3.41544270037745,14.8623998327166,3.97042131621054
2018,7,"NAPL",1,0.77920008912656,0.979411764705882,NA,NA,26,56,82,1670,1598,1862,55.2619,8.4092,4.9168,1521.25,694.636363636364,873.888888888889,22.5690666666667,3.45776666666667,2.08116666666667,15.2344030398323,1.58489608340974,13.619080596191,1.80884900033565
2018,7,"NAPL",2,0.645455684666211,0.763333333333333,NA,NA,16,55,71,1670,1598,1862,55.2619,8.4092,4.9168,1521.25,694.636363636364,873.888888888889,22.5690666666667,3.45776666666667,2.08116666666667,15.2344030398323,1.58489608340974,13.619080596191,1.80884900033565
2018,7,"NAPL",3,0.980208333333333,1.36666666666667,36.5384615384615,60,22,58,80,1670,1598,1862,55.2619,8.4092,4.9168,1521.25,694.636363636364,873.888888888889,22.5690666666667,3.45776666666667,2.08116666666667,15.2344030398323,1.58489608340974,13.619080596191,1.80884900033565
2018,7,"NAPL",4,0.2125,0.4,26.5,28,33,117,150,1670,1598,1862,55.2619,8.4092,4.9168,1521.25,694.636363636364,873.888888888889,22.5690666666667,3.45776666666667,2.08116666666667,15.2344030398323,1.58489608340974,13.619080596191,1.80884900033565
2018,7,"NAPL",5,1.16928571428571,1.52142857142857,40.6538461538462,65,17,58,75,1670,1598,1862,55.2619,8.4092,4.9168,1521.25,694.636363636364,873.888888888889,22.5690666666667,3.45776666666667,2.08116666666667,15.2344030398323,1.58489608340974,13.619080596191,1.80884900033565
2018,7,"NAPL",6,1.07708333333333,1.45,42.4545454545455,65,17,77,94,1670,1598,1862,55.2619,8.4092,4.9168,1521.25,694.636363636364,873.888888888889,22.5690666666667,3.45776666666667,2.08116666666667,15.2344030398323,1.58489608340974,13.619080596191,1.80884900033565
2018,7,"NAPL",7,1.1296875,1.525,NA,NA,7,52,59,1670,1598,1862,55.2619,8.4092,4.9168,1521.25,694.636363636364,873.888888888889,22.5690666666667,3.45776666666667,2.08116666666667,15.2344030398323,1.58489608340974,13.619080596191,1.80884900033565
2018,7,"NAPL",8,0.707857142857143,0.75,NA,NA,5,28,33,1670,1598,1862,55.2619,8.4092,4.9168,1521.25,694.636363636364,873.888888888889,22.5690666666667,3.45776666666667,2.08116666666667,15.2344030398323,1.58489608340974,13.619080596191,1.80884900033565
