"year","month","site","transect","MAPY_mean_abund","MAPY_max_abund","MAPY_mean_size","MAPY_max_size","franciscanus.abundance","purpuratus.abundance","urchin.abundance","target_depth_m","max_ammonia","max_no2_no3","max_po4","max_tchl","max_urea","mean_ammonia","mean_no2_no3","mean_po4","mean_tchl","mean_urea"
2001,8,"ABUR",1,2.43263888888889,4.85833333333333,53.7272727272727,155,0,0,0,NA,NA,NA,NA,NA,NA,NA,NA,NA,NA,NA
2001,8,"ABUR",2,0,0,NA,NA,0,0,0,NA,NA,NA,NA,NA,NA,NA,NA,NA,NA,NA
2001,8,"AQUE",1,0.280714285714286,0.35,10,10,0,0,0,1,NA,3.0058,0.6021,1.8659,NA,NA,1.62695,0.241883333333333,1.33545714285714,NA
2001,8,"AQUE",2,0.120454545454545,0.281818181818182,10.0833333333333,15,7,9,16,1,NA,3.0058,0.6021,1.8659,NA,NA,1.62695,0.241883333333333,1.33545714285714,NA
2001,8,"AQUE",3,0.10625,0.225,20.3333333333333,22,4,23,27,1,NA,3.0058,0.6021,1.8659,NA,NA,1.62695,0.241883333333333,1.33545714285714,NA
2001,8,"AQUE",4,0.579166666666667,2.31666666666667,20,30,0,55,55,1,NA,3.0058,0.6021,1.8659,NA,NA,1.62695,0.241883333333333,1.33545714285714,NA
2001,8,"AQUE",5,0,0,NA,NA,9,151,160,1,NA,3.0058,0.6021,1.8659,NA,NA,1.62695,0.241883333333333,1.33545714285714,NA
2001,8,"BULL",1,0,0,NA,NA,1,134,135,1,NA,11.5081,1.1193,2.5139,NA,NA,7.0383,0.560633333333333,1.49426666666667,NA
2001,8,"BULL",3,0.1,0.2,26.3333333333333,33,0,9,9,1,NA,11.5081,1.1193,2.5139,NA,NA,7.0383,0.560633333333333,1.49426666666667,NA
2001,8,"BULL",6,0,0,NA,NA,2,35,37,1,NA,11.5081,1.1193,2.5139,NA,NA,7.0383,0.560633333333333,1.49426666666667,NA
2001,8,"CARP",1,0.313095238095238,0.533333333333333,18.25,29,2,64,66,1,NA,5.079,0.5037,8.3221,NA,NA,1.57043333333333,0.2773125,2.726,NA
2001,8,"CARP",2,0,0,NA,NA,2,205,207,1,NA,5.079,0.5037,8.3221,NA,NA,1.57043333333333,0.2773125,2.726,NA
2001,8,"CARP",3,0,0,NA,NA,13,191,204,1,NA,5.079,0.5037,8.3221,NA,NA,1.57043333333333,0.2773125,2.726,NA
2001,8,"CARP",4,0,0,NA,NA,1,590,591,1,NA,5.079,0.5037,8.3221,NA,NA,1.57043333333333,0.2773125,2.726,NA
2001,8,"CARP",5,0,0,NA,NA,3,247,250,1,NA,5.079,0.5037,8.3221,NA,NA,1.57043333333333,0.2773125,2.726,NA
2001,8,"CARP",6,0,0,NA,NA,15,351,366,1,NA,5.079,0.5037,8.3221,NA,NA,1.57043333333333,0.2773125,2.726,NA
2001,8,"CARP",7,0,0,NA,NA,17,65,82,1,NA,5.079,0.5037,8.3221,NA,NA,1.57043333333333,0.2773125,2.726,NA
2001,8,"CARP",8,0,0,NA,NA,5,383,388,1,NA,5.079,0.5037,8.3221,NA,NA,1.57043333333333,0.2773125,2.726,NA
2001,8,"MOHK",1,1.77585227272727,2.19090909090909,43.9259259259259,92,6,131,137,NA,NA,NA,NA,NA,NA,NA,NA,NA,NA,NA
2001,8,"MOHK",2,1.55625,1.92,29.0526315789474,100,10,103,113,NA,NA,NA,NA,NA,NA,NA,NA,NA,NA,NA
2001,8,"NAPL",1,0,0,NA,NA,39,248,287,1,NA,3.1301,0.4007,9.9043,NA,NA,1.24465,0.215933333333333,2.51150833333333,NA
2001,8,"NAPL",2,0,0,NA,NA,26,201,227,1,NA,3.1301,0.4007,9.9043,NA,NA,1.24465,0.215933333333333,2.51150833333333,NA
2001,8,"NAPL",3,0,0,NA,NA,23,193,216,1,NA,3.1301,0.4007,9.9043,NA,NA,1.24465,0.215933333333333,2.51150833333333,NA
2001,8,"NAPL",4,0,0,NA,NA,4,9,13,1,NA,3.1301,0.4007,9.9043,NA,NA,1.24465,0.215933333333333,2.51150833333333,NA
2001,8,"NAPL",5,0,0,NA,NA,10,136,146,1,NA,3.1301,0.4007,9.9043,NA,NA,1.24465,0.215933333333333,2.51150833333333,NA
2001,8,"NAPL",6,0,0,NA,NA,26,193,219,1,NA,3.1301,0.4007,9.9043,NA,NA,1.24465,0.215933333333333,2.51150833333333,NA
2001,8,"NAPL",7,0,0,NA,NA,17,176,193,1,NA,3.1301,0.4007,9.9043,NA,NA,1.24465,0.215933333333333,2.51150833333333,NA
2001,8,"NAPL",8,0,0,NA,NA,27,111,138,1,NA,3.1301,0.4007,9.9043,NA,NA,1.24465,0.215933333333333,2.51150833333333,NA
2002,8,"ABUR",1,3.33333333333333,6.45,61.2307692307692,168,0,0,0,NA,NA,NA,NA,NA,NA,NA,NA,NA,NA,NA
2002,8,"ABUR",2,0.0708333333333333,0.15,12.5,23,0,0,0,NA,NA,NA,NA,NA,NA,NA,NA,NA,NA,NA
2002,8,"AQUE",1,0.949474587912088,1.25625,29.5660377358491,48,0,0,0,1,1.2538,2.816,0.4226,16.7248,NA,0.700833333333333,1.17442857142857,0.287633333333333,5.8927,NA
2002,8,"AQUE",2,0.347001488095238,0.502380952380952,26.2574257425743,69,1,1,2,1,1.2538,2.816,0.4226,16.7248,NA,0.700833333333333,1.17442857142857,0.287633333333333,5.8927,NA
2002,8,"AQUE",3,1.63924242424242,1.96818181818182,49.3571428571429,90,0,0,0,1,1.2538,2.816,0.4226,16.7248,NA,0.700833333333333,1.17442857142857,0.287633333333333,5.8927,NA
2002,8,"AQUE",4,1.16833333333333,2.16666666666667,28.4545454545455,120,4,14,18,1,1.2538,2.816,0.4226,16.7248,NA,0.700833333333333,1.17442857142857,0.287633333333333,5.8927,NA
2002,8,"AQUE",5,0.28680038998358,0.464583333333333,15.34375,54,0,2,2,1,1.2538,2.816,0.4226,16.7248,NA,0.700833333333333,1.17442857142857,0.287633333333333,5.8927,NA
2002,8,"AQUE",6,1.18339285714286,1.35,42.8064516129032,85,0,0,0,1,1.2538,2.816,0.4226,16.7248,NA,0.700833333333333,1.17442857142857,0.287633333333333,5.8927,NA
2002,8,"BULL",1,0.809821428571429,1.31428571428571,32.3333333333333,59,20,227,247,NA,NA,NA,NA,NA,NA,NA,NA,NA,NA,NA
2002,8,"BULL",3,0.705208333333333,1.225,37.875,60,0,3,3,NA,NA,NA,NA,NA,NA,NA,NA,NA,NA,NA
2002,8,"BULL",6,0.227083333333333,0.325,40,50,0,0,0,NA,NA,NA,NA,NA,NA,NA,NA,NA,NA,NA
2002,8,"CARP",1,0.624583333333333,0.8,15.4814814814815,30,9,92,101,1,1.5354,1.5936,0.4613,10.2905,NA,1.5354,1.00904,0.312857142857143,3.11284444444444,NA
2002,8,"CARP",2,0,0,NA,NA,2,144,146,1,1.5354,1.5936,0.4613,10.2905,NA,1.5354,1.00904,0.312857142857143,3.11284444444444,NA
2002,8,"CARP",3,0,0,NA,NA,6,138,144,1,1.5354,1.5936,0.4613,10.2905,NA,1.5354,1.00904,0.312857142857143,3.11284444444444,NA
2002,8,"CARP",4,0,0,NA,NA,2,431,433,1,1.5354,1.5936,0.4613,10.2905,NA,1.5354,1.00904,0.312857142857143,3.11284444444444,NA
2002,8,"CARP",5,0,0,NA,NA,5,312,317,1,1.5354,1.5936,0.4613,10.2905,NA,1.5354,1.00904,0.312857142857143,3.11284444444444,NA
2002,8,"CARP",6,0,0,NA,NA,9,334,343,1,1.5354,1.5936,0.4613,10.2905,NA,1.5354,1.00904,0.312857142857143,3.11284444444444,NA
2002,8,"CARP",7,0.15,0.3,55.5,66,18,64,82,1,1.5354,1.5936,0.4613,10.2905,NA,1.5354,1.00904,0.312857142857143,3.11284444444444,NA
2002,8,"CARP",8,0,0,NA,NA,3,604,607,1,1.5354,1.5936,0.4613,10.2905,NA,1.5354,1.00904,0.312857142857143,3.11284444444444,NA
2002,8,"MOHK",1,1.7875,2.7,47.2222222222222,76,7,86,93,NA,NA,NA,NA,NA,NA,NA,NA,NA,NA,NA
2002,8,"MOHK",2,1.83368226600985,3.8,45.6071428571429,150,10,37,47,NA,NA,NA,NA,NA,NA,NA,NA,NA,NA,NA
2002,8,"NAPL",1,0.2625,0.6,24.25,30,8,60,68,1,0.4168,2.2667,0.4097,4.6217,NA,0.31635,0.812216666666667,0.2782375,2.75497,NA
2002,8,"NAPL",2,0.121666666666667,0.266666666666667,20.9411764705882,40,23,50,73,1,0.4168,2.2667,0.4097,4.6217,NA,0.31635,0.812216666666667,0.2782375,2.75497,NA
2002,8,"NAPL",3,0.0625,0.2,28.5,35,21,171,192,1,0.4168,2.2667,0.4097,4.6217,NA,0.31635,0.812216666666667,0.2782375,2.75497,NA
2002,8,"NAPL",4,0,0,NA,NA,2,6,8,1,0.4168,2.2667,0.4097,4.6217,NA,0.31635,0.812216666666667,0.2782375,2.75497,NA
2002,8,"NAPL",5,0.310416666666667,0.4,24.8571428571429,32,4,94,98,1,0.4168,2.2667,0.4097,4.6217,NA,0.31635,0.812216666666667,0.2782375,2.75497,NA
2002,8,"NAPL",6,0,0,NA,NA,31,120,151,1,0.4168,2.2667,0.4097,4.6217,NA,0.31635,0.812216666666667,0.2782375,2.75497,NA
2002,8,"NAPL",7,0.220833333333333,0.5,21.5,31,5,109,114,1,0.4168,2.2667,0.4097,4.6217,NA,0.31635,0.812216666666667,0.2782375,2.75497,NA
2002,8,"NAPL",8,0.0875,0.15,22.25,30,33,71,104,1,0.4168,2.2667,0.4097,4.6217,NA,0.31635,0.812216666666667,0.2782375,2.75497,NA
2003,8,"ABUR",1,0.24375,0.725,29.3333333333333,41,0,0,0,NA,NA,NA,NA,NA,NA,NA,NA,NA,NA,NA
2003,8,"ABUR",2,0,0,NA,NA,0,0,0,NA,NA,NA,NA,NA,NA,NA,NA,NA,NA,NA
2003,8,"AQUE",1,2.20517857142857,2.875,74.8148148148148,210,0,2,2,1,2.9215,14.573,1.0492,68.6997,NA,0.738066666666667,3.68548571428571,0.384355555555556,10.7420454545455,NA
2003,8,"AQUE",2,2.77166666666667,4.35,49.1818181818182,117,0,0,0,1,2.9215,14.573,1.0492,68.6997,NA,0.738066666666667,3.68548571428571,0.384355555555556,10.7420454545455,NA
2003,8,"AQUE",3,2.19285714285714,3.72142857142857,76.2173913043478,150,0,1,1,1,2.9215,14.573,1.0492,68.6997,NA,0.738066666666667,3.68548571428571,0.384355555555556,10.7420454545455,NA
2003,8,"AQUE",4,2.49416666666667,3.51666666666667,78.3333333333333,150,3,1,4,1,2.9215,14.573,1.0492,68.6997,NA,0.738066666666667,3.68548571428571,0.384355555555556,10.7420454545455,NA
2003,8,"AQUE",5,1.00241883116883,1.11,37.9268292682927,76,2,0,2,1,2.9215,14.573,1.0492,68.6997,NA,0.738066666666667,3.68548571428571,0.384355555555556,10.7420454545455,NA
2003,8,"AQUE",6,1.63923611111111,2.1125,56.5483870967742,108,0,0,0,1,2.9215,14.573,1.0492,68.6997,NA,0.738066666666667,3.68548571428571,0.384355555555556,10.7420454545455,NA
2003,8,"BULL",1,1.81125,3.51666666666667,46.5217391304348,100,0,1,1,NA,NA,NA,NA,NA,NA,NA,NA,NA,NA,NA
2003,8,"BULL",3,1.4875,3.2,80,100,0,0,0,NA,NA,NA,NA,NA,NA,NA,NA,NA,NA,NA
2003,8,"BULL",6,1.0125,2.12777777777778,82.5,135,0,0,0,NA,NA,NA,NA,NA,NA,NA,NA,NA,NA,NA
2003,8,"CARP",1,0.629569892473118,0.8,21.5492957746479,50,8,91,99,1,6.19,8.0317,0.7384,114.623,NA,1.79395555555556,1.58015714285714,0.386657142857143,17.1437777777778,NA
2003,8,"CARP",2,0,0,NA,NA,0,46,46,1,6.19,8.0317,0.7384,114.623,NA,1.79395555555556,1.58015714285714,0.386657142857143,17.1437777777778,NA
2003,8,"CARP",3,0.372083333333333,0.525,22.5,45,6,76,82,1,6.19,8.0317,0.7384,114.623,NA,1.79395555555556,1.58015714285714,0.386657142857143,17.1437777777778,NA
2003,8,"CARP",4,0,0,NA,NA,2,279,281,1,6.19,8.0317,0.7384,114.623,NA,1.79395555555556,1.58015714285714,0.386657142857143,17.1437777777778,NA
2003,8,"CARP",5,0,0,NA,NA,7,229,236,1,6.19,8.0317,0.7384,114.623,NA,1.79395555555556,1.58015714285714,0.386657142857143,17.1437777777778,NA
2003,8,"CARP",6,0.18125,0.4,35,57,25,171,196,1,6.19,8.0317,0.7384,114.623,NA,1.79395555555556,1.58015714285714,0.386657142857143,17.1437777777778,NA
2003,8,"CARP",7,0,0,NA,NA,4,62,66,1,6.19,8.0317,0.7384,114.623,NA,1.79395555555556,1.58015714285714,0.386657142857143,17.1437777777778,NA
2003,8,"CARP",8,0,0,NA,NA,2,438,440,1,6.19,8.0317,0.7384,114.623,NA,1.79395555555556,1.58015714285714,0.386657142857143,17.1437777777778,NA
2003,8,"MOHK",1,0.707291666666667,0.805555555555556,37.18,63,0,28,28,NA,NA,NA,NA,NA,NA,NA,NA,NA,NA,NA
2003,8,"MOHK",2,0.513892062425329,0.832258064516129,26.3508771929825,100,0,46,46,NA,NA,NA,NA,NA,NA,NA,NA,NA,NA,NA
2003,8,"NAPL",1,0.731479978354978,0.891666666666667,41.0666666666667,90,12,39,51,1,1.02,4.0454,0.4055,18.2213,NA,0.4731,0.948533333333333,0.2083625,6.04151,NA
2003,8,"NAPL",2,0.891201690821256,0.995,34.1929824561403,80,4,6,10,1,1.02,4.0454,0.4055,18.2213,NA,0.4731,0.948533333333333,0.2083625,6.04151,NA
2003,8,"NAPL",3,0.598125,1,42.375,72,16,89,105,1,1.02,4.0454,0.4055,18.2213,NA,0.4731,0.948533333333333,0.2083625,6.04151,NA
2003,8,"NAPL",4,0.462321428571429,0.56,28.2352941176471,60,1,2,3,1,1.02,4.0454,0.4055,18.2213,NA,0.4731,0.948533333333333,0.2083625,6.04151,NA
2003,8,"NAPL",5,1.06773493051067,1.34285714285714,45.9111111111111,105,2,0,2,1,1.02,4.0454,0.4055,18.2213,NA,0.4731,0.948533333333333,0.2083625,6.04151,NA
2003,8,"NAPL",6,0.260929487179487,0.415384615384615,31.25,50,8,32,40,1,1.02,4.0454,0.4055,18.2213,NA,0.4731,0.948533333333333,0.2083625,6.04151,NA
2003,8,"NAPL",7,1.27142857142857,2.425,43.8148148148148,110,3,12,15,1,1.02,4.0454,0.4055,18.2213,NA,0.4731,0.948533333333333,0.2083625,6.04151,NA
2003,8,"NAPL",8,0.394791666666667,0.438888888888889,30,60,16,20,36,1,1.02,4.0454,0.4055,18.2213,NA,0.4731,0.948533333333333,0.2083625,6.04151,NA
2004,7,"ABUR",1,0.2125,0.55,28.3333333333333,31,0,0,0,NA,NA,NA,NA,NA,NA,NA,NA,NA,NA,NA
2004,7,"ABUR",2,0,0,NA,NA,0,0,0,NA,NA,NA,NA,NA,NA,NA,NA,NA,NA,NA
2004,7,"AQUE",1,0.587777777777778,1.28333333333333,27.5454545454545,130,0,1,1,1,2.8053,4.5839,0.6174,9.537,NA,1.2816,1.47281428571429,0.3000625,3.83611111111111,NA
2004,7,"AQUE",2,1.454375,2.43,60.2666666666667,117,0,3,3,1,2.8053,4.5839,0.6174,9.537,NA,1.2816,1.47281428571429,0.3000625,3.83611111111111,NA
2004,7,"AQUE",3,1.44166666666667,2.23333333333333,92.2,196,0,0,0,1,2.8053,4.5839,0.6174,9.537,NA,1.2816,1.47281428571429,0.3000625,3.83611111111111,NA
2004,7,"AQUE",4,1.6125,3.15,83,114,1,1,2,1,2.8053,4.5839,0.6174,9.537,NA,1.2816,1.47281428571429,0.3000625,3.83611111111111,NA
2004,7,"AQUE",5,0.877604166666667,1.11666666666667,47.4642857142857,103,0,0,0,1,2.8053,4.5839,0.6174,9.537,NA,1.2816,1.47281428571429,0.3000625,3.83611111111111,NA
2004,7,"AQUE",6,1.02068452380952,1.20833333333333,50.6666666666667,94,0,1,1,1,2.8053,4.5839,0.6174,9.537,NA,1.2816,1.47281428571429,0.3000625,3.83611111111111,NA
2004,7,"BULL",1,0.1875,0.4,28.3333333333333,30,0,0,0,NA,NA,NA,NA,NA,NA,NA,NA,NA,NA,NA
2004,7,"BULL",3,0,0,NA,NA,0,0,0,NA,NA,NA,NA,NA,NA,NA,NA,NA,NA,NA
2004,7,"BULL",6,0.108333333333333,0.233333333333333,13.75,20,0,0,0,NA,NA,NA,NA,NA,NA,NA,NA,NA,NA,NA
2004,7,"CARP",1,0.438942307692308,0.630769230769231,21.7647058823529,47,5,101,106,1,3.6158,2.7722,0.5168,32.2163,NA,1.032675,1.4877,0.227566666666667,8.7706625,NA
2004,7,"CARP",2,0.307142857142857,0.364285714285714,26,44,0,22,22,1,3.6158,2.7722,0.5168,32.2163,NA,1.032675,1.4877,0.227566666666667,8.7706625,NA
2004,7,"CARP",3,0.406633947649573,0.4859375,18,50,13,138,151,1,3.6158,2.7722,0.5168,32.2163,NA,1.032675,1.4877,0.227566666666667,8.7706625,NA
2004,7,"CARP",4,0.252083333333333,0.3,15.7333333333333,25,3,139,142,1,3.6158,2.7722,0.5168,32.2163,NA,1.032675,1.4877,0.227566666666667,8.7706625,NA
2004,7,"CARP",5,0,0,NA,NA,5,122,127,1,3.6158,2.7722,0.5168,32.2163,NA,1.032675,1.4877,0.227566666666667,8.7706625,NA
2004,7,"CARP",6,0.175,0.4125,15,25,11,171,182,1,3.6158,2.7722,0.5168,32.2163,NA,1.032675,1.4877,0.227566666666667,8.7706625,NA
2004,7,"CARP",7,0.306330128205128,0.336666666666667,17.22,40,25,27,52,1,3.6158,2.7722,0.5168,32.2163,NA,1.032675,1.4877,0.227566666666667,8.7706625,NA
2004,7,"CARP",8,0,0,NA,NA,4,303,307,1,3.6158,2.7722,0.5168,32.2163,NA,1.032675,1.4877,0.227566666666667,8.7706625,NA
2004,7,"MOHK",1,0.976788101604278,1.5,29.0232558139535,75,1,24,25,NA,NA,NA,NA,NA,NA,NA,NA,NA,NA,NA
2004,7,"MOHK",2,0.741666666666667,1.15,48,90,6,77,83,NA,NA,NA,NA,NA,NA,NA,NA,NA,NA,NA
2004,7,"NAPL",1,1.04885281385281,1.14,47.8709677419355,100,7,19,26,1,1.4579,2.0524,0.3614,14.5312,NA,0.632633333333333,1.5464,0.234583333333333,4.0976,NA
2004,7,"NAPL",2,0.977840909090909,1.4,28.1764705882353,100,0,29,29,1,1.4579,2.0524,0.3614,14.5312,NA,0.632633333333333,1.5464,0.234583333333333,4.0976,NA
2004,7,"NAPL",3,0.858333333333333,1.7,41.5555555555556,93,34,116,150,1,1.4579,2.0524,0.3614,14.5312,NA,0.632633333333333,1.5464,0.234583333333333,4.0976,NA
2004,7,"NAPL",4,0.55,2.2,57.6666666666667,73,55,29,84,1,1.4579,2.0524,0.3614,14.5312,NA,0.632633333333333,1.5464,0.234583333333333,4.0976,NA
2004,7,"NAPL",5,0.654166666666667,1.16666666666667,58.25,84,0,3,3,1,1.4579,2.0524,0.3614,14.5312,NA,0.632633333333333,1.5464,0.234583333333333,4.0976,NA
2004,7,"NAPL",6,0.550833333333333,1.07,45,65,1,11,12,1,1.4579,2.0524,0.3614,14.5312,NA,0.632633333333333,1.5464,0.234583333333333,4.0976,NA
2004,7,"NAPL",7,0.426643518518519,0.495,27.1549295774648,80,4,10,14,1,1.4579,2.0524,0.3614,14.5312,NA,0.632633333333333,1.5464,0.234583333333333,4.0976,NA
2004,7,"NAPL",8,0.542657342657343,1.15,27.2,40,25,50,75,1,1.4579,2.0524,0.3614,14.5312,NA,0.632633333333333,1.5464,0.234583333333333,4.0976,NA
2005,7,"ABUR",1,0.921875,1.9,31.0714285714286,80,0,1,1,NA,NA,NA,NA,NA,NA,NA,NA,NA,NA,NA
2005,7,"ABUR",2,0.2875,0.95,12.5,20,0,0,0,NA,NA,NA,NA,NA,NA,NA,NA,NA,NA,NA
2005,7,"AQUE",1,1.165,1.51,38.4210526315789,55,1,4,5,1,2.1805,11.5325,1.0353,7.8823,NA,1.100225,2.12562222222222,0.34487,3.39114545454545,NA
2005,7,"AQUE",2,1.49895833333333,3.13333333333333,58.75,109,1,6,7,1,2.1805,11.5325,1.0353,7.8823,NA,1.100225,2.12562222222222,0.34487,3.39114545454545,NA
2005,7,"AQUE",3,0.9625,3.85,150,150,0,0,0,1,2.1805,11.5325,1.0353,7.8823,NA,1.100225,2.12562222222222,0.34487,3.39114545454545,NA
2005,7,"AQUE",4,2.825,7.35,137.5,150,0,0,0,1,2.1805,11.5325,1.0353,7.8823,NA,1.100225,2.12562222222222,0.34487,3.39114545454545,NA
2005,7,"AQUE",5,1.206875,1.54,74,150,0,0,0,1,2.1805,11.5325,1.0353,7.8823,NA,1.100225,2.12562222222222,0.34487,3.39114545454545,NA
2005,7,"AQUE",6,0.869791666666667,1.86666666666667,46.4545454545455,115,0,0,0,1,2.1805,11.5325,1.0353,7.8823,NA,1.100225,2.12562222222222,0.34487,3.39114545454545,NA
2005,7,"BULL",1,2.07291666666667,4.3,59.4,89,0,0,0,NA,NA,NA,NA,NA,NA,NA,NA,NA,NA,NA
2005,7,"BULL",3,1.075,2.3,54.6666666666667,66,0,0,0,NA,NA,NA,NA,NA,NA,NA,NA,NA,NA,NA
2005,7,"BULL",6,1.34571428571429,1.64285714285714,59,84,0,0,0,NA,NA,NA,NA,NA,NA,NA,NA,NA,NA,NA
2005,7,"CARP",1,0.579366541527623,0.689516129032258,12.3389830508475,40,2,87,89,1,4.5039,3.1478,0.4648,9.1224,NA,2.13416666666667,1.57714285714286,0.357133333333333,4.56013636363636,NA
2005,7,"CARP",2,0.504827898550725,0.86,23.0147058823529,88,0,26,26,1,4.5039,3.1478,0.4648,9.1224,NA,2.13416666666667,1.57714285714286,0.357133333333333,4.56013636363636,NA
2005,7,"CARP",3,0.892708333333333,1.53333333333333,46.5,69,5,75,80,1,4.5039,3.1478,0.4648,9.1224,NA,2.13416666666667,1.57714285714286,0.357133333333333,4.56013636363636,NA
2005,7,"CARP",4,0.25,0.3,16.1428571428571,23,2,167,169,1,4.5039,3.1478,0.4648,9.1224,NA,2.13416666666667,1.57714285714286,0.357133333333333,4.56013636363636,NA
2005,7,"CARP",5,0.160416666666667,0.366666666666667,21.4285714285714,25,6,89,95,1,4.5039,3.1478,0.4648,9.1224,NA,2.13416666666667,1.57714285714286,0.357133333333333,4.56013636363636,NA
2005,7,"CARP",6,0.3475,1.39,49.2,65,5,91,96,1,4.5039,3.1478,0.4648,9.1224,NA,2.13416666666667,1.57714285714286,0.357133333333333,4.56013636363636,NA
2005,7,"CARP",7,1.72305555555556,2.17,49.1379310344828,123,20,46,66,1,4.5039,3.1478,0.4648,9.1224,NA,2.13416666666667,1.57714285714286,0.357133333333333,4.56013636363636,NA
2005,7,"CARP",8,0.376104956785346,0.395833333333333,15.4587155963303,30,0,93,93,1,4.5039,3.1478,0.4648,9.1224,NA,2.13416666666667,1.57714285714286,0.357133333333333,4.56013636363636,NA
2005,7,"MOHK",1,0.0583333333333333,0.233333333333333,5,5,0,28,28,NA,NA,NA,NA,NA,NA,NA,NA,NA,NA,NA
2005,7,"MOHK",2,1.18166666666667,2.46666666666667,57.6923076923077,105,6,103,109,NA,NA,NA,NA,NA,NA,NA,NA,NA,NA,NA
2005,7,"NAPL",1,1.44657738095238,1.86428571428571,39.2941176470588,91,5,9,14,1,1.6041,3.1074,0.4496,6.8694,NA,0.820922222222222,1.0693,0.230244444444444,3.15617272727273,NA
2005,7,"NAPL",2,1.02202380952381,1.20714285714286,30.2857142857143,69,2,28,30,1,1.6041,3.1074,0.4496,6.8694,NA,0.820922222222222,1.0693,0.230244444444444,3.15617272727273,NA
2005,7,"NAPL",3,0.3625,0.6,24.3333333333333,48,40,70,110,1,1.6041,3.1074,0.4496,6.8694,NA,0.820922222222222,1.0693,0.230244444444444,3.15617272727273,NA
2005,7,"NAPL",4,1.44583333333333,2.28333333333333,57,94,0,1,1,1,1.6041,3.1074,0.4496,6.8694,NA,0.820922222222222,1.0693,0.230244444444444,3.15617272727273,NA
2005,7,"NAPL",5,0.952777777777778,1.14444444444444,38.5,65,0,0,0,1,1.6041,3.1074,0.4496,6.8694,NA,0.820922222222222,1.0693,0.230244444444444,3.15617272727273,NA
2005,7,"NAPL",6,0.8215625,1.08125,45.9375,79,0,0,0,1,1.6041,3.1074,0.4496,6.8694,NA,0.820922222222222,1.0693,0.230244444444444,3.15617272727273,NA
2005,7,"NAPL",7,0.743107142857143,1.19,29.5918367346939,60,4,1,5,1,1.6041,3.1074,0.4496,6.8694,NA,0.820922222222222,1.0693,0.230244444444444,3.15617272727273,NA
2005,7,"NAPL",8,0.308814102564103,0.476923076923077,24.1935483870968,50,6,7,13,1,1.6041,3.1074,0.4496,6.8694,NA,0.820922222222222,1.0693,0.230244444444444,3.15617272727273,NA
2006,7,"ABUR",1,0.1375,0.55,30,30,0,0,0,1,1.1383,3.474,0.5882,2.4199,NA,0.495127272727273,1.26626666666667,0.2513,1.61028571428571,NA
2006,7,"ABUR",2,0,0,NA,NA,0,0,0,1,1.1383,3.474,0.5882,2.4199,NA,0.495127272727273,1.26626666666667,0.2513,1.61028571428571,NA
2006,7,"AQUE",1,0.243154761904762,0.283333333333333,22.5652173913043,75,0,0,0,1,1.4865,11.9387,1.0087,18.9728,NA,0.71532,2.27003333333333,0.334,5.2358,NA
2006,7,"AQUE",2,3.0375,4.375,111.071428571429,200,1,0,1,1,1.4865,11.9387,1.0087,18.9728,NA,0.71532,2.27003333333333,0.334,5.2358,NA
2006,7,"AQUE",3,2.95,5.4,112.2,175,0,0,0,1,1.4865,11.9387,1.0087,18.9728,NA,0.71532,2.27003333333333,0.334,5.2358,NA
2006,7,"AQUE",4,1.74375,4.825,61.2857142857143,163,0,0,0,1,1.4865,11.9387,1.0087,18.9728,NA,0.71532,2.27003333333333,0.334,5.2358,NA
2006,7,"AQUE",5,0.783333333333333,1.43333333333333,49.2857142857143,70,0,0,0,1,1.4865,11.9387,1.0087,18.9728,NA,0.71532,2.27003333333333,0.334,5.2358,NA
2006,7,"AQUE",6,0.480208333333333,1.33333333333333,76.4285714285714,100,1,0,1,1,1.4865,11.9387,1.0087,18.9728,NA,0.71532,2.27003333333333,0.334,5.2358,NA
2006,7,"BULL",1,2.09375,5.425,64.8181818181818,140,0,0,0,NA,NA,NA,NA,NA,NA,NA,NA,NA,NA,NA
2006,7,"BULL",3,0.696875,1.6875,66,100,0,0,0,NA,NA,NA,NA,NA,NA,NA,NA,NA,NA,NA
2006,7,"BULL",6,0.7125,2.25,23,75,0,0,0,NA,NA,NA,NA,NA,NA,NA,NA,NA,NA,NA
2006,7,"CARP",1,0.558332375402991,0.708490566037736,19,50,3,84,87,1,1.7119,6.7265,0.8247,14.2842,NA,0.87378,1.7008,0.35692,6.89196,NA
2006,7,"CARP",2,1.36214962121212,1.86818181818182,37.0789473684211,71,0,2,2,1,1.7119,6.7265,0.8247,14.2842,NA,0.87378,1.7008,0.35692,6.89196,NA
2006,7,"CARP",3,0,0,NA,NA,6,79,85,1,1.7119,6.7265,0.8247,14.2842,NA,0.87378,1.7008,0.35692,6.89196,NA
2006,7,"CARP",4,0.05,0.2,10,10,1,134,135,1,1.7119,6.7265,0.8247,14.2842,NA,0.87378,1.7008,0.35692,6.89196,NA
2006,7,"CARP",5,0,0,NA,NA,5,61,66,1,1.7119,6.7265,0.8247,14.2842,NA,0.87378,1.7008,0.35692,6.89196,NA
2006,7,"CARP",6,0,0,NA,NA,2,67,69,1,1.7119,6.7265,0.8247,14.2842,NA,0.87378,1.7008,0.35692,6.89196,NA
2006,7,"CARP",7,0,0,NA,NA,17,48,65,1,1.7119,6.7265,0.8247,14.2842,NA,0.87378,1.7008,0.35692,6.89196,NA
2006,7,"CARP",8,2.83125,3.425,69.4545454545455,110,2,171,173,1,1.7119,6.7265,0.8247,14.2842,NA,0.87378,1.7008,0.35692,6.89196,NA
2006,7,"MOHK",1,0.551363636363636,0.755,35.2333333333333,71,3,17,20,1,0.6923,3.6057,0.4802,2.8615,NA,0.407966666666667,2.1863,0.220772727272727,1.70985714285714,NA
2006,7,"MOHK",2,0.159659090909091,0.238636363636364,20.6944444444444,30,1,76,77,1,0.6923,3.6057,0.4802,2.8615,NA,0.407966666666667,2.1863,0.220772727272727,1.70985714285714,NA
2006,7,"NAPL",1,0.332352941176471,0.379411764705882,16.6530612244898,40,0,21,21,1,0.5936,13.1894,1.2054,9.469,NA,0.3817,5.83786666666667,0.503975,5.5527,NA
2006,7,"NAPL",2,0.482321187584346,0.592105263157895,20.7922077922078,40,72,0,72,1,0.5936,13.1894,1.2054,9.469,NA,0.3817,5.83786666666667,0.503975,5.5527,NA
2006,7,"NAPL",3,0.43125,0.7,27.3333333333333,42,31,200,231,1,0.5936,13.1894,1.2054,9.469,NA,0.3817,5.83786666666667,0.503975,5.5527,NA
2006,7,"NAPL",4,0,0,NA,NA,30,115,145,1,0.5936,13.1894,1.2054,9.469,NA,0.3817,5.83786666666667,0.503975,5.5527,NA
2006,7,"NAPL",5,0.1,0.2,16,20,2,2,4,1,0.5936,13.1894,1.2054,9.469,NA,0.3817,5.83786666666667,0.503975,5.5527,NA
2006,7,"NAPL",6,0.1,0.2,20.6666666666667,25,4,6,10,1,0.5936,13.1894,1.2054,9.469,NA,0.3817,5.83786666666667,0.503975,5.5527,NA
2006,7,"NAPL",7,0.201666666666667,0.316666666666667,18.5454545454545,25,5,0,5,1,0.5936,13.1894,1.2054,9.469,NA,0.3817,5.83786666666667,0.503975,5.5527,NA
2006,7,"NAPL",8,0.0625,0.25,20,20,2,7,9,1,0.5936,13.1894,1.2054,9.469,NA,0.3817,5.83786666666667,0.503975,5.5527,NA
2007,7,"ABUR",1,0.326041666666667,0.6875,25.625,50,0,0,0,1,3.3307,5.3652,0.7941,6.1656,NA,1.18692,1.36285,0.329016666666667,3.20425,NA
2007,7,"ABUR",2,0,0,NA,NA,0,0,0,1,3.3307,5.3652,0.7941,6.1656,NA,1.18692,1.36285,0.329016666666667,3.20425,NA
2007,7,"AQUE",1,0.583578852021358,0.7,42.3880597014925,75,2,4,6,1,1.2942,4.7071,0.6525,21.1952,NA,0.574083333333333,1.222325,0.314883333333333,6.051475,NA
2007,7,"AQUE",2,0.807613636363636,1.175,58.2692307692308,140,4,16,20,1,1.2942,4.7071,0.6525,21.1952,NA,0.574083333333333,1.222325,0.314883333333333,6.051475,NA
2007,7,"AQUE",3,3.05,8.8,85,250,0,0,0,1,1.2942,4.7071,0.6525,21.1952,NA,0.574083333333333,1.222325,0.314883333333333,6.051475,NA
2007,7,"AQUE",4,2.05625,4.15,101,120,0,0,0,1,1.2942,4.7071,0.6525,21.1952,NA,0.574083333333333,1.222325,0.314883333333333,6.051475,NA
2007,7,"AQUE",5,1.69791666666667,3.4,72.5,120,0,0,0,1,1.2942,4.7071,0.6525,21.1952,NA,0.574083333333333,1.222325,0.314883333333333,6.051475,NA
2007,7,"AQUE",6,0.5125,1.8,70,90,0,0,0,1,1.2942,4.7071,0.6525,21.1952,NA,0.574083333333333,1.222325,0.314883333333333,6.051475,NA
2007,7,"BULL",1,1.33177083333333,1.9,49.0952380952381,110,0,0,0,NA,NA,NA,NA,NA,NA,NA,NA,NA,NA,NA
2007,7,"BULL",3,0.957291666666667,1.63333333333333,58.5454545454545,90,0,1,1,NA,NA,NA,NA,NA,NA,NA,NA,NA,NA,NA
2007,7,"BULL",6,1.19583333333333,2,54.4444444444444,150,0,1,1,NA,NA,NA,NA,NA,NA,NA,NA,NA,NA,NA
2007,7,"CARP",1,0.514922332569391,0.583333333333333,18.1924686192469,50,2,91,93,NA,NA,NA,NA,NA,NA,NA,NA,NA,NA,NA
2007,7,"CARP",2,0.864148351648352,1.25714285714286,49.4,100,0,7,7,NA,NA,NA,NA,NA,NA,NA,NA,NA,NA,NA
2007,7,"CARP",3,0,0,NA,NA,4,65,69,NA,NA,NA,NA,NA,NA,NA,NA,NA,NA,NA
2007,7,"CARP",4,0,0,NA,NA,0,108,108,NA,NA,NA,NA,NA,NA,NA,NA,NA,NA,NA
2007,7,"CARP",5,0,0,NA,NA,5,50,55,NA,NA,NA,NA,NA,NA,NA,NA,NA,NA,NA
2007,7,"CARP",6,0,0,NA,NA,2,72,74,NA,NA,NA,NA,NA,NA,NA,NA,NA,NA,NA
2007,7,"CARP",7,0.898717948717949,1.88333333333333,64.125,90,21,88,109,NA,NA,NA,NA,NA,NA,NA,NA,NA,NA,NA
2007,7,"CARP",8,0.874621212121212,1.58181818181818,61,150,1,72,73,NA,NA,NA,NA,NA,NA,NA,NA,NA,NA,NA
2007,7,"MOHK",1,1.364375,1.975,46.2105263157895,88,2,43,45,1,3.0455,5.0857,0.729,6.0712,NA,0.980116666666667,1.2209125,0.326509090909091,3.109825,NA
2007,7,"MOHK",2,1.32459821428571,1.84,43.1730769230769,100,5,40,45,1,3.0455,5.0857,0.729,6.0712,NA,0.980116666666667,1.2209125,0.326509090909091,3.109825,NA
2007,7,"NAPL",1,1.0238455988456,1.39285714285714,45.1282051282051,100,5,38,43,NA,NA,NA,NA,NA,NA,NA,NA,NA,NA,NA
2007,7,"NAPL",2,1.12083333333333,1.49166666666667,43.2307692307692,70,6,119,125,NA,NA,NA,NA,NA,NA,NA,NA,NA,NA,NA
2007,7,"NAPL",3,0.2,0.6,35,40,55,376,431,NA,NA,NA,NA,NA,NA,NA,NA,NA,NA,NA
2007,7,"NAPL",4,0,0,NA,NA,14,8,22,NA,NA,NA,NA,NA,NA,NA,NA,NA,NA,NA
2007,7,"NAPL",5,2.125,3.05,61.6666666666667,90,2,4,6,NA,NA,NA,NA,NA,NA,NA,NA,NA,NA,NA
2007,7,"NAPL",6,0.65,1.2,48.25,80,4,15,19,NA,NA,NA,NA,NA,NA,NA,NA,NA,NA,NA
2007,7,"NAPL",7,1.00395833333333,1.38333333333333,53.2307692307692,74,3,7,10,NA,NA,NA,NA,NA,NA,NA,NA,NA,NA,NA
2007,7,"NAPL",8,0.334166666666667,0.52,28.0714285714286,48,8,49,57,NA,NA,NA,NA,NA,NA,NA,NA,NA,NA,NA
2008,7,"ABUR",1,2.10125,2.775,66.5833333333333,115,0,0,0,1,2.4011,18.3114,2.0302,14.0561,NA,1.19991428571429,5.25485,0.630541666666667,4.11186666666667,NA
2008,7,"ABUR",2,0.6125,2.05,45,45,0,0,0,1,2.4011,18.3114,2.0302,14.0561,NA,1.19991428571429,5.25485,0.630541666666667,4.11186666666667,NA
2008,7,"AQUE",1,1.01696428571429,1.6,89.5,167,3,20,23,NA,NA,NA,NA,NA,NA,NA,NA,NA,NA,NA
2008,7,"AQUE",2,0.368236111111111,0.6625,34.03125,148,5,36,41,NA,NA,NA,NA,NA,NA,NA,NA,NA,NA,NA
2008,7,"AQUE",3,0.327430555555556,0.672222222222222,44,82,0,10,10,NA,NA,NA,NA,NA,NA,NA,NA,NA,NA,NA
2008,7,"AQUE",4,1.62833333333333,4.2,56.0909090909091,126,0,0,0,NA,NA,NA,NA,NA,NA,NA,NA,NA,NA,NA
2008,7,"AQUE",5,1.10416666666667,1.9,65.7142857142857,122,2,7,9,NA,NA,NA,NA,NA,NA,NA,NA,NA,NA,NA
2008,7,"AQUE",6,4.7625,13.8,260,295,0,8,8,NA,NA,NA,NA,NA,NA,NA,NA,NA,NA,NA
2008,7,"BULL",1,0.349305555555556,0.538888888888889,50.6923076923077,105,0,10,10,NA,NA,NA,NA,NA,NA,NA,NA,NA,NA,NA
2008,7,"BULL",3,1.25,2.45,131.428571428571,176,0,0,0,NA,NA,NA,NA,NA,NA,NA,NA,NA,NA,NA
2008,7,"BULL",6,0.591666666666667,1.20833333333333,101,129,0,3,3,NA,NA,NA,NA,NA,NA,NA,NA,NA,NA,NA
2008,7,"CARP",1,0.385094953088555,0.546666666666667,30.5,48,3,70,73,1,6.4718,16.683,2.0472,17.0004,NA,1.4765,4.65067,0.6697,5.88039166666667,NA
2008,7,"CARP",2,1.84208333333333,2.30833333333333,55.2439024390244,112,0,0,0,1,6.4718,16.683,2.0472,17.0004,NA,1.4765,4.65067,0.6697,5.88039166666667,NA
2008,7,"CARP",3,0.171048329216488,0.195652173913043,28.3,40,2,38,40,1,6.4718,16.683,2.0472,17.0004,NA,1.4765,4.65067,0.6697,5.88039166666667,NA
2008,7,"CARP",4,0.216290374371428,0.288679245283019,26.5454545454545,41,2,60,62,1,6.4718,16.683,2.0472,17.0004,NA,1.4765,4.65067,0.6697,5.88039166666667,NA
2008,7,"CARP",5,0.272541453504896,0.348969072164948,29.195652173913,150,1,29,30,1,6.4718,16.683,2.0472,17.0004,NA,1.4765,4.65067,0.6697,5.88039166666667,NA
2008,7,"CARP",6,0,0,NA,NA,4,105,109,1,6.4718,16.683,2.0472,17.0004,NA,1.4765,4.65067,0.6697,5.88039166666667,NA
2008,7,"CARP",7,0,0,NA,NA,12,83,95,1,6.4718,16.683,2.0472,17.0004,NA,1.4765,4.65067,0.6697,5.88039166666667,NA
2008,7,"CARP",8,0.203973922902494,0.263333333333333,32.8947368421053,77,4,165,169,1,6.4718,16.683,2.0472,17.0004,NA,1.4765,4.65067,0.6697,5.88039166666667,NA
2008,7,"MOHK",1,0.429916624769566,0.75,42.3513513513514,95,12,37,49,1,2.899,17.4768,1.9304,14.2633,NA,1.2261875,5.71467777777778,0.623633333333333,3.48711666666667,NA
2008,7,"MOHK",2,0.534679383116883,0.98125,39.2307692307692,85,3,53,56,1,2.899,17.4768,1.9304,14.2633,NA,1.2261875,5.71467777777778,0.623633333333333,3.48711666666667,NA
2008,7,"NAPL",5,0.128125,0.3625,20,40,2,54,56,1,3.4602,20.102,1.9383,9.8578,NA,0.900588888888889,5.75566,0.646541666666667,3.2673,NA
2008,7,"NAPL",6,0.6075,2.05,27.875,60,7,99,106,1,3.4602,20.102,1.9383,9.8578,NA,0.900588888888889,5.75566,0.646541666666667,3.2673,NA
2008,7,"NAPL",7,0.236111111111111,0.3,25.8888888888889,42,8,103,111,1,3.4602,20.102,1.9383,9.8578,NA,0.900588888888889,5.75566,0.646541666666667,3.2673,NA
2008,7,"NAPL",8,0.4225,1,26.75,35,26,177,203,1,3.4602,20.102,1.9383,9.8578,NA,0.900588888888889,5.75566,0.646541666666667,3.2673,NA
2008,8,"NAPL",1,0.362478632478632,0.505555555555556,29.53125,45,9,91,100,1,3.4602,20.102,1.9383,9.8578,NA,0.900588888888889,5.75566,0.646541666666667,3.2673,NA
2008,8,"NAPL",2,0.449876893939394,0.49375,29.3103448275862,45,9,204,213,1,3.4602,20.102,1.9383,9.8578,NA,0.900588888888889,5.75566,0.646541666666667,3.2673,NA
2008,8,"NAPL",3,0,0,NA,NA,23,417,440,1,3.4602,20.102,1.9383,9.8578,NA,0.900588888888889,5.75566,0.646541666666667,3.2673,NA
2008,8,"NAPL",4,0.025,0.1,NA,NA,0,5,5,1,3.4602,20.102,1.9383,9.8578,NA,0.900588888888889,5.75566,0.646541666666667,3.2673,NA
2009,7,"ABUR",1,0.475,1.9,48,48,0,0,0,1,5.5926,5.5122,0.8133,10.4787,NA,2.0013,2.11831111111111,0.4029,3.37753333333333,NA
2009,7,"ABUR",2,0,0,NA,NA,0,0,0,1,5.5926,5.5122,0.8133,10.4787,NA,2.0013,2.11831111111111,0.4029,3.37753333333333,NA
2009,7,"AQUE",1,1.075,1.85,65.1578947368421,160,1,28,29,NA,NA,NA,NA,NA,NA,NA,NA,NA,NA,NA
2009,7,"AQUE",2,0.759895833333333,0.958333333333333,43.375,70,14,135,149,NA,NA,NA,NA,NA,NA,NA,NA,NA,NA,NA
2009,7,"AQUE",3,0.739583333333333,1.65833333333333,48.2857142857143,75,0,9,9,NA,NA,NA,NA,NA,NA,NA,NA,NA,NA,NA
2009,7,"AQUE",4,1.290625,2.5,80.8571428571429,200,0,22,22,NA,NA,NA,NA,NA,NA,NA,NA,NA,NA,NA
2009,7,"AQUE",5,1.509375,2.525,87.2727272727273,160,7,41,48,NA,NA,NA,NA,NA,NA,NA,NA,NA,NA,NA
2009,7,"AQUE",6,2.6,5.65,136.666666666667,200,0,10,10,NA,NA,NA,NA,NA,NA,NA,NA,NA,NA,NA
2009,7,"BULL",1,1.6028125,2.43,70,100,0,17,17,NA,NA,NA,NA,NA,NA,NA,NA,NA,NA,NA
2009,7,"BULL",3,1.29652777777778,1.7,84.1333333333333,180,0,0,0,NA,NA,NA,NA,NA,NA,NA,NA,NA,NA,NA
2009,7,"BULL",6,1.58229166666667,2.4,77.3,170,0,2,2,NA,NA,NA,NA,NA,NA,NA,NA,NA,NA,NA
2009,7,"CARP",1,0.75625,2.15,22.6666666666667,32,4,123,127,1,3.5061,4.5717,0.7541,23.2094,NA,2.00928,1.90028181818182,0.487458333333333,5.89461666666667,NA
2009,7,"CARP",2,0.359583333333333,0.775,47,70,0,29,29,1,3.5061,4.5717,0.7541,23.2094,NA,2.00928,1.90028181818182,0.487458333333333,5.89461666666667,NA
2009,7,"CARP",3,0.957724358974359,1.42,43.1395348837209,92,7,185,192,1,3.5061,4.5717,0.7541,23.2094,NA,2.00928,1.90028181818182,0.487458333333333,5.89461666666667,NA
2009,7,"CARP",4,0.212385010822511,0.325,40,70,4,410,414,1,3.5061,4.5717,0.7541,23.2094,NA,2.00928,1.90028181818182,0.487458333333333,5.89461666666667,NA
2009,7,"CARP",5,1.03488095238095,1.275,37.2631578947368,60,1,171,172,1,3.5061,4.5717,0.7541,23.2094,NA,2.00928,1.90028181818182,0.487458333333333,5.89461666666667,NA
2009,7,"CARP",6,0,0,0,0,13,225,238,1,3.5061,4.5717,0.7541,23.2094,NA,2.00928,1.90028181818182,0.487458333333333,5.89461666666667,NA
2009,7,"CARP",7,0.286964285714286,0.5,31.25,60,15,133,148,1,3.5061,4.5717,0.7541,23.2094,NA,2.00928,1.90028181818182,0.487458333333333,5.89461666666667,NA
2009,7,"CARP",8,0.946875,1.4,41.6,80,2,159,161,1,3.5061,4.5717,0.7541,23.2094,NA,2.00928,1.90028181818182,0.487458333333333,5.89461666666667,NA
2009,7,"MOHK",1,1.36571428571429,2.35,52.2142857142857,88,10,52,62,1,2.83,5.2881,0.7756,8.1083,NA,1.24145,1.9536125,0.375566666666667,3.28341666666667,NA
2009,7,"MOHK",2,0.94459706959707,1.25,37.7916666666667,100,1,68,69,1,2.83,5.2881,0.7756,8.1083,NA,1.24145,1.9536125,0.375566666666667,3.28341666666667,NA
2009,7,"NAPL",1,0.352291666666667,0.616666666666667,44.875,83,36,231,267,1,1.8168,7.4427,0.7821,7.5855,NA,0.699611111111111,2.907975,0.418883333333333,2.78466666666667,NA
2009,7,"NAPL",2,0.19375,0.65,32,60,38,158,196,1,1.8168,7.4427,0.7821,7.5855,NA,0.699611111111111,2.907975,0.418883333333333,2.78466666666667,NA
2009,7,"NAPL",3,0.0375,0.15,NA,NA,8,134,142,1,1.8168,7.4427,0.7821,7.5855,NA,0.699611111111111,2.907975,0.418883333333333,2.78466666666667,NA
2009,7,"NAPL",4,0.106875,0.19,14,30,0,0,0,1,1.8168,7.4427,0.7821,7.5855,NA,0.699611111111111,2.907975,0.418883333333333,2.78466666666667,NA
2009,7,"NAPL",5,0.2625,0.95,16.6666666666667,50,0,41,41,1,1.8168,7.4427,0.7821,7.5855,NA,0.699611111111111,2.907975,0.418883333333333,2.78466666666667,NA
2009,7,"NAPL",6,0.2375,0.65,12.5,25,13,122,135,1,1.8168,7.4427,0.7821,7.5855,NA,0.699611111111111,2.907975,0.418883333333333,2.78466666666667,NA
2009,7,"NAPL",7,0.209375,0.5875,42.3333333333333,75,6,102,108,1,1.8168,7.4427,0.7821,7.5855,NA,0.699611111111111,2.907975,0.418883333333333,2.78466666666667,NA
2009,7,"NAPL",8,0.20625,0.35,48.3333333333333,75,21,266,287,1,1.8168,7.4427,0.7821,7.5855,NA,0.699611111111111,2.907975,0.418883333333333,2.78466666666667,NA
2010,7,"ABUR",1,0.325,1.15,43.5,87,0,0,0,1,2.9653,14.0998,1.1265,10.2204,NA,1.66781818181818,3.08313,0.46725,3.609025,NA
2010,7,"ABUR",2,0,0,0,0,0,0,0,1,2.9653,14.0998,1.1265,10.2204,NA,1.66781818181818,3.08313,0.46725,3.609025,NA
2010,7,"AQUE",1,0,0,0,0,3,76,79,NA,NA,NA,NA,NA,NA,NA,NA,NA,NA,NA
2010,7,"AQUE",2,0.025,0.05,0,0,4,74,78,NA,NA,NA,NA,NA,NA,NA,NA,NA,NA,NA
2010,7,"AQUE",3,0.0791666666666667,0.116666666666667,0,0,0,28,28,NA,NA,NA,NA,NA,NA,NA,NA,NA,NA,NA
2010,7,"AQUE",4,0.0625,0.1,15,30,2,48,50,NA,NA,NA,NA,NA,NA,NA,NA,NA,NA,NA
2010,7,"AQUE",5,0,0,0,0,26,110,136,NA,NA,NA,NA,NA,NA,NA,NA,NA,NA,NA
2010,7,"AQUE",6,0.0435606060606061,0.0909090909090909,0,0,0,7,7,NA,NA,NA,NA,NA,NA,NA,NA,NA,NA,NA
2010,7,"BULL",1,2.18333333333333,3.86666666666667,75,126,2,22,24,NA,NA,NA,NA,NA,NA,NA,NA,NA,NA,NA
2010,7,"BULL",3,1.071875,1.7375,52.9,70,0,1,1,NA,NA,NA,NA,NA,NA,NA,NA,NA,NA,NA
2010,7,"BULL",6,1.45520833333333,2.18333333333333,61.2857142857143,95,0,8,8,NA,NA,NA,NA,NA,NA,NA,NA,NA,NA,NA
2010,7,"CARP",1,0.261235119047619,0.314285714285714,22,25,4,111,115,1,5.3968,2.8319,0.6338,13.1245,NA,1.77453,1.20075555555556,0.364533333333333,5.038275,NA
2010,7,"CARP",2,0.14913433908046,0.19375,20,20,0,52,52,1,5.3968,2.8319,0.6338,13.1245,NA,1.77453,1.20075555555556,0.364533333333333,5.038275,NA
2010,7,"CARP",3,0,0,0,0,12,133,145,1,5.3968,2.8319,0.6338,13.1245,NA,1.77453,1.20075555555556,0.364533333333333,5.038275,NA
2010,7,"CARP",4,0,0,0,0,3,367,370,1,5.3968,2.8319,0.6338,13.1245,NA,1.77453,1.20075555555556,0.364533333333333,5.038275,NA
2010,7,"CARP",5,0,0,0,0,4,215,219,1,5.3968,2.8319,0.6338,13.1245,NA,1.77453,1.20075555555556,0.364533333333333,5.038275,NA
2010,7,"CARP",6,0,0,0,0,7,173,180,1,5.3968,2.8319,0.6338,13.1245,NA,1.77453,1.20075555555556,0.364533333333333,5.038275,NA
2010,7,"CARP",7,0,0,0,0,16,234,250,1,5.3968,2.8319,0.6338,13.1245,NA,1.77453,1.20075555555556,0.364533333333333,5.038275,NA
2010,7,"CARP",8,0,0,0,0,1,254,255,1,5.3968,2.8319,0.6338,13.1245,NA,1.77453,1.20075555555556,0.364533333333333,5.038275,NA
2010,7,"MOHK",1,0.216738744506193,0.347222222222222,37.5714285714286,69,13,43,56,1,2.9693,5.5587,0.7738,14.1481,NA,1.608,1.25318,0.321091666666667,3.81668333333333,NA
2010,7,"MOHK",2,0.271174242424242,0.798333333333333,51.7777777777778,99,6,122,128,1,2.9693,5.5587,0.7738,14.1481,NA,1.608,1.25318,0.321091666666667,3.81668333333333,NA
2010,7,"NAPL",1,0.424253472222222,0.4625,34,58,11,177,188,1,2.6467,9.0352,0.9507,12.899,NA,1.21384285714286,2.75295,0.324791666666667,3.77726666666667,NA
2010,7,"NAPL",2,0.05,0.2,14,28,36,90,126,1,2.6467,9.0352,0.9507,12.899,NA,1.21384285714286,2.75295,0.324791666666667,3.77726666666667,NA
2010,7,"NAPL",3,0.195625,0.345,31.8333333333333,55,11,102,113,1,2.6467,9.0352,0.9507,12.899,NA,1.21384285714286,2.75295,0.324791666666667,3.77726666666667,NA
2010,7,"NAPL",4,0.075,0.25,0,0,0,21,21,1,2.6467,9.0352,0.9507,12.899,NA,1.21384285714286,2.75295,0.324791666666667,3.77726666666667,NA
2010,7,"NAPL",5,0.0375,0.15,0,0,42,73,115,1,2.6467,9.0352,0.9507,12.899,NA,1.21384285714286,2.75295,0.324791666666667,3.77726666666667,NA
2010,7,"NAPL",6,0,0,0,0,25,48,73,1,2.6467,9.0352,0.9507,12.899,NA,1.21384285714286,2.75295,0.324791666666667,3.77726666666667,NA
2010,7,"NAPL",7,0.1,0.4,11.25,45,9,41,50,1,2.6467,9.0352,0.9507,12.899,NA,1.21384285714286,2.75295,0.324791666666667,3.77726666666667,NA
2010,7,"NAPL",8,0.08125,0.325,7.25,29,11,188,199,1,2.6467,9.0352,0.9507,12.899,NA,1.21384285714286,2.75295,0.324791666666667,3.77726666666667,NA
2011,7,"ABUR",1,0.25,0.675,35,45,0,0,0,1,1.7303,20.4002,1.6292,8.7264,NA,0.588318181818182,3.68884444444444,0.446945454545455,3.33275833333333,NA
2011,7,"ABUR",2,0.55,2.2,60,60,0,0,0,1,1.7303,20.4002,1.6292,8.7264,NA,0.588318181818182,3.68884444444444,0.446945454545455,3.33275833333333,NA
2011,7,"AQUE",1,0,0,NA,NA,11,140,151,NA,NA,NA,NA,NA,NA,NA,NA,NA,NA,NA
2011,7,"AQUE",2,0.338125,0.89,35.4,43,5,53,58,NA,NA,NA,NA,NA,NA,NA,NA,NA,NA,NA
2011,7,"AQUE",3,0.99625,1.52,53.2307692307692,76,0,43,43,NA,NA,NA,NA,NA,NA,NA,NA,NA,NA,NA
2011,7,"AQUE",4,0.0678571428571429,0.171428571428571,NA,NA,2,63,65,NA,NA,NA,NA,NA,NA,NA,NA,NA,NA,NA
2011,7,"AQUE",5,0.025,0.1,NA,NA,6,13,19,NA,NA,NA,NA,NA,NA,NA,NA,NA,NA,NA
2011,7,"AQUE",6,0,0,NA,NA,3,13,16,NA,NA,NA,NA,NA,NA,NA,NA,NA,NA,NA
2011,7,"BULL",1,0.28125,1.125,54.5,57,0,15,15,NA,NA,NA,NA,NA,NA,NA,NA,NA,NA,NA
2011,7,"BULL",3,0.240625,0.4,NA,NA,0,0,0,NA,NA,NA,NA,NA,NA,NA,NA,NA,NA,NA
2011,7,"BULL",6,0.2,0.8,NA,NA,0,0,0,NA,NA,NA,NA,NA,NA,NA,NA,NA,NA,NA
2011,7,"CARP",1,0.412449252136752,0.51,31,45,1,52,53,1,1.6676,16.6744,1.3176,20.1826,NA,0.82052,4.16698571428571,0.461154545454545,4.962125,NA
2011,7,"CARP",2,0.734166666666667,1.05,26.2916666666667,40,0,29,29,1,1.6676,16.6744,1.3176,20.1826,NA,0.82052,4.16698571428571,0.461154545454545,4.962125,NA
2011,7,"CARP",3,0,0,NA,NA,7,119,126,1,1.6676,16.6744,1.3176,20.1826,NA,0.82052,4.16698571428571,0.461154545454545,4.962125,NA
2011,7,"CARP",4,0,0,NA,NA,2,262,264,1,1.6676,16.6744,1.3176,20.1826,NA,0.82052,4.16698571428571,0.461154545454545,4.962125,NA
2011,7,"CARP",5,0,0,NA,NA,2,130,132,1,1.6676,16.6744,1.3176,20.1826,NA,0.82052,4.16698571428571,0.461154545454545,4.962125,NA
2011,7,"CARP",6,0,0,NA,NA,7,178,185,1,1.6676,16.6744,1.3176,20.1826,NA,0.82052,4.16698571428571,0.461154545454545,4.962125,NA
2011,7,"CARP",7,0,0,NA,NA,8,141,149,1,1.6676,16.6744,1.3176,20.1826,NA,0.82052,4.16698571428571,0.461154545454545,4.962125,NA
2011,7,"CARP",8,0,0,NA,NA,3,204,207,1,1.6676,16.6744,1.3176,20.1826,NA,0.82052,4.16698571428571,0.461154545454545,4.962125,NA
2011,7,"MOHK",1,1.33072916666667,2.00625,42.6111111111111,65,9,37,46,1,1.6631,19.606,1.5411,5.9498,NA,0.8510125,4.75627142857143,0.420058333333333,2.82801666666667,NA
2011,7,"MOHK",2,1.3581746031746,2.025,47.7307692307692,85,2,54,56,1,1.6631,19.606,1.5411,5.9498,NA,0.8510125,4.75627142857143,0.420058333333333,2.82801666666667,NA
2011,7,"NAPL",1,0.153125,0.25,35,35,17,45,62,1,1.0799,5.3797,2.9639,21.3376,NA,0.51773,1.93105,0.525433333333333,4.8199,NA
2011,7,"NAPL",2,0.264583333333333,0.825,33,33,20,33,53,1,1.0799,5.3797,2.9639,21.3376,NA,0.51773,1.93105,0.525433333333333,4.8199,NA
2011,7,"NAPL",3,0.449305555555556,0.9,33.1818181818182,45,4,66,70,1,1.0799,5.3797,2.9639,21.3376,NA,0.51773,1.93105,0.525433333333333,4.8199,NA
2011,7,"NAPL",4,0,0,NA,NA,33,78,111,1,1.0799,5.3797,2.9639,21.3376,NA,0.51773,1.93105,0.525433333333333,4.8199,NA
2011,7,"NAPL",5,0,0,NA,NA,11,13,24,1,1.0799,5.3797,2.9639,21.3376,NA,0.51773,1.93105,0.525433333333333,4.8199,NA
2011,7,"NAPL",6,0.125,0.2,NA,NA,19,66,85,1,1.0799,5.3797,2.9639,21.3376,NA,0.51773,1.93105,0.525433333333333,4.8199,NA
2011,7,"NAPL",7,0.075,0.15,NA,NA,0,14,14,1,1.0799,5.3797,2.9639,21.3376,NA,0.51773,1.93105,0.525433333333333,4.8199,NA
2011,7,"NAPL",8,0.0625,0.25,NA,NA,8,66,74,1,1.0799,5.3797,2.9639,21.3376,NA,0.51773,1.93105,0.525433333333333,4.8199,NA
2012,7,"ABUR",1,4.73958333333333,7.5,62.25,82,0,0,0,1,0.9842,13.135,1.0431,3.9986,NA,0.713722222222222,3.52016,0.436270833333333,1.52409166666667,NA
2012,7,"ABUR",2,0,0,0,0,0,0,0,1,0.9842,13.135,1.0431,3.9986,NA,0.713722222222222,3.52016,0.436270833333333,1.52409166666667,NA
2012,7,"AQUE",1,0.144184782608696,0.173076923076923,34.4,50,8,18,26,NA,NA,NA,NA,NA,NA,NA,NA,NA,NA,NA
2012,7,"AQUE",2,0.162167293756968,0.194230769230769,39,45,5,22,27,NA,NA,NA,NA,NA,NA,NA,NA,NA,NA,NA
2012,7,"AQUE",3,1.140625,2.175,87.1666666666667,160,3,1,4,NA,NA,NA,NA,NA,NA,NA,NA,NA,NA,NA
2012,7,"AQUE",4,0.349451357466063,0.415,24.3958333333333,52,20,78,98,NA,NA,NA,NA,NA,NA,NA,NA,NA,NA,NA
2012,7,"AQUE",5,0.321631493506494,0.5,27.4864864864865,60,12,6,18,NA,NA,NA,NA,NA,NA,NA,NA,NA,NA,NA
2012,7,"AQUE",6,0.0375,0.1,0,0,1,2,3,NA,NA,NA,NA,NA,NA,NA,NA,NA,NA,NA
2012,7,"BULL",1,0.7875,1.7,27.4,65,0,3,3,NA,NA,NA,NA,NA,NA,NA,NA,NA,NA,NA
2012,7,"BULL",3,1.229375,2.38,59.4,120,0,0,0,NA,NA,NA,NA,NA,NA,NA,NA,NA,NA,NA
2012,7,"BULL",6,2.10625,3.45,57,75,0,0,0,NA,NA,NA,NA,NA,NA,NA,NA,NA,NA,NA
2012,7,"CARP",1,0.615833333333333,0.9,19.0833333333333,28,6,112,118,1,3.8884,12.6238,1.0342,2.6074,NA,1.60402222222222,2.94788181818182,0.514125,1.51987083333333,NA
2012,7,"CARP",2,4.27125,11.35,75.8888888888889,160,0,44,44,1,3.8884,12.6238,1.0342,2.6074,NA,1.60402222222222,2.94788181818182,0.514125,1.51987083333333,NA
2012,7,"CARP",3,0,0,0,0,13,146,159,1,3.8884,12.6238,1.0342,2.6074,NA,1.60402222222222,2.94788181818182,0.514125,1.51987083333333,NA
2012,7,"CARP",4,0,0,0,0,15,269,284,1,3.8884,12.6238,1.0342,2.6074,NA,1.60402222222222,2.94788181818182,0.514125,1.51987083333333,NA
2012,7,"CARP",5,0,0,0,0,5,83,88,1,3.8884,12.6238,1.0342,2.6074,NA,1.60402222222222,2.94788181818182,0.514125,1.51987083333333,NA
2012,7,"CARP",6,0,0,0,0,24,203,227,1,3.8884,12.6238,1.0342,2.6074,NA,1.60402222222222,2.94788181818182,0.514125,1.51987083333333,NA
2012,7,"CARP",7,0,0,0,0,20,207,227,1,3.8884,12.6238,1.0342,2.6074,NA,1.60402222222222,2.94788181818182,0.514125,1.51987083333333,NA
2012,7,"CARP",8,0,0,0,0,7,106,113,1,3.8884,12.6238,1.0342,2.6074,NA,1.60402222222222,2.94788181818182,0.514125,1.51987083333333,NA
2012,7,"MOHK",1,1.61160714285714,3.15,36.4210526315789,89,7,37,44,1,1.1437,13.1196,1.0811,4.1824,NA,0.543245454545455,3.32742222222222,0.423866666666667,1.77984583333333,NA
2012,7,"MOHK",2,1.95515873015873,2.69285714285714,59.5,132,1,52,53,1,1.1437,13.1196,1.0811,4.1824,NA,0.543245454545455,3.32742222222222,0.423866666666667,1.77984583333333,NA
2012,7,"NAPL",1,0.550511363636364,0.9875,21.1923076923077,52,44,58,102,1,0.5678,15.1813,1.1446,9.683,NA,0.379371428571429,4.090075,0.413925,2.7187375,NA
2012,7,"NAPL",2,0.607291666666667,1,26.5,56,50,18,68,1,0.5678,15.1813,1.1446,9.683,NA,0.379371428571429,4.090075,0.413925,2.7187375,NA
2012,7,"NAPL",3,0.619940476190476,1.07142857142857,24.7368421052632,40,40,55,95,1,0.5678,15.1813,1.1446,9.683,NA,0.379371428571429,4.090075,0.413925,2.7187375,NA
2012,7,"NAPL",4,0,0,0,0,48,21,69,1,0.5678,15.1813,1.1446,9.683,NA,0.379371428571429,4.090075,0.413925,2.7187375,NA
2012,7,"NAPL",5,0.1,0.4,7,28,20,10,30,1,0.5678,15.1813,1.1446,9.683,NA,0.379371428571429,4.090075,0.413925,2.7187375,NA
2012,7,"NAPL",6,0.6625,2.65,11,44,34,116,150,1,0.5678,15.1813,1.1446,9.683,NA,0.379371428571429,4.090075,0.413925,2.7187375,NA
2012,7,"NAPL",7,0.6,1.8,23.75,39,9,16,25,1,0.5678,15.1813,1.1446,9.683,NA,0.379371428571429,4.090075,0.413925,2.7187375,NA
2012,7,"NAPL",8,0,0,0,0,2,36,38,1,0.5678,15.1813,1.1446,9.683,NA,0.379371428571429,4.090075,0.413925,2.7187375,NA
2013,7,"ABUR",1,2.9725,7.2,65.375,130,0,0,0,1,1.3228,1.6998,0.403,6.3603,NA,0.7340625,0.885483333333333,0.2781,1.9006,NA
2013,7,"ABUR",2,0,0,0,0,0,0,0,1,1.3228,1.6998,0.403,6.3603,NA,0.7340625,0.885483333333333,0.2781,1.9006,NA
2013,7,"AQUE",1,0.384404612597547,0.691304347826087,30.6666666666667,49,42,16,58,NA,NA,NA,NA,NA,NA,NA,NA,NA,NA,NA
2013,7,"AQUE",2,0.833486825674326,0.931818181818182,30.5,50,23,0,23,NA,NA,NA,NA,NA,NA,NA,NA,NA,NA,NA
2013,7,"AQUE",3,1.57625,3.05,72.4,153,5,0,5,NA,NA,NA,NA,NA,NA,NA,NA,NA,NA,NA
2013,7,"AQUE",4,0.95719696969697,1.39166666666667,48.3571428571429,102,22,33,55,NA,NA,NA,NA,NA,NA,NA,NA,NA,NA,NA
2013,7,"AQUE",5,0.871478174603175,1.35,39.2258064516129,72,8,0,8,NA,NA,NA,NA,NA,NA,NA,NA,NA,NA,NA
2013,7,"AQUE",6,0.747827111613876,0.9875,36.2857142857143,65,0,0,0,NA,NA,NA,NA,NA,NA,NA,NA,NA,NA,NA
2013,7,"BULL",1,1.52854166666667,2.81,62.6923076923077,105,0,1,1,NA,NA,NA,NA,NA,NA,NA,NA,NA,NA,NA
2013,7,"BULL",3,0.895833333333333,2.75,78.3333333333333,130,0,0,0,NA,NA,NA,NA,NA,NA,NA,NA,NA,NA,NA
2013,7,"BULL",6,1.25,3.575,58,115,0,0,0,NA,NA,NA,NA,NA,NA,NA,NA,NA,NA,NA
2013,7,"CARP",1,0.3875,0.8,22,34,5,128,133,1,2.5585,2.1008,0.4618,10.594,NA,0.940488888888889,0.796085714285714,0.302211111111111,2.72678181818182,NA
2013,7,"CARP",2,0.221458333333333,0.31,19.28,37,0,128,128,1,2.5585,2.1008,0.4618,10.594,NA,0.940488888888889,0.796085714285714,0.302211111111111,2.72678181818182,NA
2013,7,"CARP",3,0,0,0,0,24,115,139,1,2.5585,2.1008,0.4618,10.594,NA,0.940488888888889,0.796085714285714,0.302211111111111,2.72678181818182,NA
2013,7,"CARP",4,0,0,0,0,5,527,532,1,2.5585,2.1008,0.4618,10.594,NA,0.940488888888889,0.796085714285714,0.302211111111111,2.72678181818182,NA
2013,7,"CARP",5,0,0,0,0,9,119,128,1,2.5585,2.1008,0.4618,10.594,NA,0.940488888888889,0.796085714285714,0.302211111111111,2.72678181818182,NA
2013,7,"CARP",6,0,0,0,0,19,186,205,1,2.5585,2.1008,0.4618,10.594,NA,0.940488888888889,0.796085714285714,0.302211111111111,2.72678181818182,NA
2013,7,"CARP",7,0,0,0,0,16,158,174,1,2.5585,2.1008,0.4618,10.594,NA,0.940488888888889,0.796085714285714,0.302211111111111,2.72678181818182,NA
2013,7,"CARP",8,0,0,0,0,5,183,188,1,2.5585,2.1008,0.4618,10.594,NA,0.940488888888889,0.796085714285714,0.302211111111111,2.72678181818182,NA
2013,7,"MOHK",1,1.028125,1.7125,66.2,120,19,53,72,1,1.3466,1.6579,0.4044,6.5518,NA,0.681971428571429,0.7086,0.270228571428571,1.93855454545455,NA
2013,7,"MOHK",2,3.50625,6.45,89.125,160,3,79,82,1,1.3466,1.6579,0.4044,6.5518,NA,0.681971428571429,0.7086,0.270228571428571,1.93855454545455,NA
2013,7,"NAPL",1,0.627083333333333,1.03333333333333,36.4615384615385,65,34,33,67,1,1.5117,1.6818,0.428,5.843,NA,0.801683333333333,1.07928333333333,0.271544444444444,2.03154545454545,NA
2013,7,"NAPL",2,0.298721590909091,0.58125,28.5714285714286,55,36,21,57,1,1.5117,1.6818,0.428,5.843,NA,0.801683333333333,1.07928333333333,0.271544444444444,2.03154545454545,NA
2013,7,"NAPL",3,0.216666666666667,0.65,27.3333333333333,44,58,44,102,1,1.5117,1.6818,0.428,5.843,NA,0.801683333333333,1.07928333333333,0.271544444444444,2.03154545454545,NA
2013,7,"NAPL",4,0.10125,0.165,30,30,0,5,5,1,1.5117,1.6818,0.428,5.843,NA,0.801683333333333,1.07928333333333,0.271544444444444,2.03154545454545,NA
2013,7,"NAPL",5,0.734375,1.1625,46,70,6,6,12,1,1.5117,1.6818,0.428,5.843,NA,0.801683333333333,1.07928333333333,0.271544444444444,2.03154545454545,NA
2013,7,"NAPL",6,0.536458333333333,1.4125,41.3636363636364,75,21,31,52,1,1.5117,1.6818,0.428,5.843,NA,0.801683333333333,1.07928333333333,0.271544444444444,2.03154545454545,NA
2013,7,"NAPL",7,0.16875,0.475,18.4,33,15,9,24,1,1.5117,1.6818,0.428,5.843,NA,0.801683333333333,1.07928333333333,0.271544444444444,2.03154545454545,NA
2013,7,"NAPL",8,0.50625,1.275,44.25,90,2,14,16,1,1.5117,1.6818,0.428,5.843,NA,0.801683333333333,1.07928333333333,0.271544444444444,2.03154545454545,NA
2014,7,"ABUR",1,0.175963857765328,0.1875,46,68,0,0,0,1,0.6636,8.9209,0.7516,3.774,NA,0.37907,2.15378,0.265236363636364,1.38043333333333,NA
2014,7,"ABUR",2,0,0,0,0,0,0,0,1,0.6636,8.9209,0.7516,3.774,NA,0.37907,2.15378,0.265236363636364,1.38043333333333,NA
2014,7,"AQUE",1,0,0,0,0,18,79,97,NA,NA,NA,NA,NA,NA,NA,NA,NA,NA,NA
2014,7,"AQUE",2,0.1125,0.45,8.75,35,17,30,47,NA,NA,NA,NA,NA,NA,NA,NA,NA,NA,NA
2014,7,"AQUE",3,1.175,3.55,66.6666666666667,139,12,8,20,NA,NA,NA,NA,NA,NA,NA,NA,NA,NA,NA
2014,7,"AQUE",4,1.08625,2.8,54.3333333333333,67,8,34,42,NA,NA,NA,NA,NA,NA,NA,NA,NA,NA,NA
2014,7,"AQUE",5,0.502380952380952,1.16666666666667,88,90,7,3,10,NA,NA,NA,NA,NA,NA,NA,NA,NA,NA,NA
2014,7,"AQUE",6,1.11979166666667,2.2,43.3333333333333,85,0,0,0,NA,NA,NA,NA,NA,NA,NA,NA,NA,NA,NA
2014,7,"BULL",1,1.366875,2.6125,67.7142857142857,92,0,2,2,NA,NA,NA,NA,NA,NA,NA,NA,NA,NA,NA
2014,7,"BULL",3,1.23223214285714,2.1375,55.9285714285714,92,0,1,1,NA,NA,NA,NA,NA,NA,NA,NA,NA,NA,NA
2014,7,"BULL",6,1.44375,2.25,49.6666666666667,90,0,0,0,NA,NA,NA,NA,NA,NA,NA,NA,NA,NA,NA
2014,7,"CARP",1,0.328571428571429,0.764285714285714,23.5,25,6,94,100,1,2.0005,1.561,0.3958,15.4664,NA,0.819,0.8771,0.26883,2.27788333333333,NA
2014,7,"CARP",2,0.488541666666667,0.7,25.625,46,1,57,58,1,2.0005,1.561,0.3958,15.4664,NA,0.819,0.8771,0.26883,2.27788333333333,NA
2014,7,"CARP",3,0.05,0.2,0,0,20,191,211,1,2.0005,1.561,0.3958,15.4664,NA,0.819,0.8771,0.26883,2.27788333333333,NA
2014,7,"CARP",4,0.1625,0.5,12,30,13,242,255,1,2.0005,1.561,0.3958,15.4664,NA,0.819,0.8771,0.26883,2.27788333333333,NA
2014,7,"CARP",5,0.1125,0.35,10,20,3,71,74,1,2.0005,1.561,0.3958,15.4664,NA,0.819,0.8771,0.26883,2.27788333333333,NA
2014,7,"CARP",6,0,0,0,0,23,257,280,1,2.0005,1.561,0.3958,15.4664,NA,0.819,0.8771,0.26883,2.27788333333333,NA
2014,7,"CARP",7,0,0,0,0,13,173,186,1,2.0005,1.561,0.3958,15.4664,NA,0.819,0.8771,0.26883,2.27788333333333,NA
2014,7,"CARP",8,0,0,0,0,2,168,170,1,2.0005,1.561,0.3958,15.4664,NA,0.819,0.8771,0.26883,2.27788333333333,NA
2014,7,"MOHK",1,1.0523923992674,2.05,49.6,82,11,47,58,1,0.7297,6.6511,0.6138,2.5274,NA,0.481483333333333,2.074625,0.2267,0.974516666666667,NA
2014,7,"MOHK",2,1.32353801169591,2.09166666666667,52.6666666666667,111,0,26,26,1,0.7297,6.6511,0.6138,2.5274,NA,0.481483333333333,2.074625,0.2267,0.974516666666667,NA
2014,7,"NAPL",1,0.529151404151404,0.726923076923077,33.5172413793103,60,34,44,78,1,0.7447,7.4432,0.6437,7.3085,NA,0.36445,3.02266666666667,0.2408,1.49576666666667,NA
2014,7,"NAPL",2,0.492536549707602,0.663333333333333,35,63,49,34,83,1,0.7447,7.4432,0.6437,7.3085,NA,0.36445,3.02266666666667,0.2408,1.49576666666667,NA
2014,7,"NAPL",3,0.322261029411765,0.59375,33.2222222222222,55,32,45,77,1,0.7447,7.4432,0.6437,7.3085,NA,0.36445,3.02266666666667,0.2408,1.49576666666667,NA
2014,7,"NAPL",4,0.05625,0.125,0,0,0,0,0,1,0.7447,7.4432,0.6437,7.3085,NA,0.36445,3.02266666666667,0.2408,1.49576666666667,NA
2014,7,"NAPL",5,0.449968434343434,0.605555555555556,42.2,52,9,9,18,1,0.7447,7.4432,0.6437,7.3085,NA,0.36445,3.02266666666667,0.2408,1.49576666666667,NA
2014,7,"NAPL",6,0.509375,0.7375,34.2857142857143,65,8,1,9,1,0.7447,7.4432,0.6437,7.3085,NA,0.36445,3.02266666666667,0.2408,1.49576666666667,NA
2014,7,"NAPL",7,0.4096875,0.5325,29.2692307692308,50,5,8,13,1,0.7447,7.4432,0.6437,7.3085,NA,0.36445,3.02266666666667,0.2408,1.49576666666667,NA
2014,7,"NAPL",8,0.361309523809524,0.633333333333333,28,48,1,3,4,1,0.7447,7.4432,0.6437,7.3085,NA,0.36445,3.02266666666667,0.2408,1.49576666666667,NA
2015,7,"ABUR",1,0.409027777777778,0.827777777777778,25.5384615384615,40,0,0,0,1,0.4985,1.6911,0.3079,10.7213,NA,0.3202,0.96955,0.225608333333333,2.04649166666667,NA
2015,7,"ABUR",2,0,0,NA,NA,0,0,0,1,0.4985,1.6911,0.3079,10.7213,NA,0.3202,0.96955,0.225608333333333,2.04649166666667,NA
2015,7,"AQUE",1,0.120481542397661,0.128125,22,25,3,15,18,NA,NA,NA,NA,NA,NA,NA,NA,NA,NA,NA
2015,7,"AQUE",2,0.405426917143669,0.842857142857143,32.3333333333333,100,7,39,46,NA,NA,NA,NA,NA,NA,NA,NA,NA,NA,NA
2015,7,"AQUE",3,0.443482905982906,0.8,29.375,52,6,3,9,NA,NA,NA,NA,NA,NA,NA,NA,NA,NA,NA
2015,7,"AQUE",4,0.959236111111111,1.055,33.8666666666667,67,4,7,11,NA,NA,NA,NA,NA,NA,NA,NA,NA,NA,NA
2015,7,"AQUE",5,0.847867247131953,0.961111111111111,31.8888888888889,110,5,1,6,NA,NA,NA,NA,NA,NA,NA,NA,NA,NA,NA
2015,7,"AQUE",6,1.24583333333333,2.125,54.1,110,0,1,1,NA,NA,NA,NA,NA,NA,NA,NA,NA,NA,NA
2015,7,"BULL",1,1.09680555555556,1.82222222222222,36.9230769230769,82,1,18,19,NA,NA,NA,NA,NA,NA,NA,NA,NA,NA,NA
2015,7,"BULL",3,1.621875,3.9375,54.5,78,0,2,2,NA,NA,NA,NA,NA,NA,NA,NA,NA,NA,NA
2015,7,"BULL",6,0.3300983436853,0.360869565217391,26.7142857142857,79,0,0,0,NA,NA,NA,NA,NA,NA,NA,NA,NA,NA,NA
2015,7,"CARP",1,0.297429187192118,0.45,NA,NA,1,41,42,1,0.8143,1.6682,0.3949,6.282,NA,0.47873,0.6623,0.242908333333333,1.3719,NA
2015,7,"CARP",2,0.125,0.25,NA,NA,2,35,37,1,0.8143,1.6682,0.3949,6.282,NA,0.47873,0.6623,0.242908333333333,1.3719,NA
2015,7,"CARP",3,0.279335508241758,0.521428571428571,53.4444444444444,90,19,116,135,1,0.8143,1.6682,0.3949,6.282,NA,0.47873,0.6623,0.242908333333333,1.3719,NA
2015,7,"CARP",4,0,0,NA,NA,11,304,315,1,0.8143,1.6682,0.3949,6.282,NA,0.47873,0.6623,0.242908333333333,1.3719,NA
2015,7,"CARP",5,0.0375,0.15,NA,NA,2,66,68,1,0.8143,1.6682,0.3949,6.282,NA,0.47873,0.6623,0.242908333333333,1.3719,NA
2015,7,"CARP",6,0,0,NA,NA,11,341,352,1,0.8143,1.6682,0.3949,6.282,NA,0.47873,0.6623,0.242908333333333,1.3719,NA
2015,7,"CARP",7,0.025,0.1,NA,NA,19,215,234,1,0.8143,1.6682,0.3949,6.282,NA,0.47873,0.6623,0.242908333333333,1.3719,NA
2015,7,"CARP",8,0,0,NA,NA,3,226,229,1,0.8143,1.6682,0.3949,6.282,NA,0.47873,0.6623,0.242908333333333,1.3719,NA
2015,7,"MOHK",1,1.24047619047619,1.4,50,100,3,6,9,1,0.6003,1.3145,0.3891,11.6426,NA,0.3551,0.7708,0.230058333333333,2.14533333333333,NA
2015,7,"MOHK",2,1.44769536019536,2.11538461538462,52.7674418604651,130,0,15,15,1,0.6003,1.3145,0.3891,11.6426,NA,0.3551,0.7708,0.230058333333333,2.14533333333333,NA
2015,7,"NAPL",1,0.74125,0.875,37.2352941176471,99,13,11,24,1,0.9824,0.8436,0.257,7.0023,NA,0.441166666666667,0.8436,0.201025,1.65420833333333,NA
2015,7,"NAPL",2,0.534532436162871,0.691304347826087,35.2916666666667,64,6,18,24,1,0.9824,0.8436,0.257,7.0023,NA,0.441166666666667,0.8436,0.201025,1.65420833333333,NA
2015,7,"NAPL",3,0.460098965362123,0.757692307692308,30.5,48,37,38,75,1,0.9824,0.8436,0.257,7.0023,NA,0.441166666666667,0.8436,0.201025,1.65420833333333,NA
2015,7,"NAPL",4,0.148691626409018,0.202173913043478,31,31,0,0,0,1,0.9824,0.8436,0.257,7.0023,NA,0.441166666666667,0.8436,0.201025,1.65420833333333,NA
2015,7,"NAPL",5,0.853819444444444,1.25,44.4375,76,6,0,6,1,0.9824,0.8436,0.257,7.0023,NA,0.441166666666667,0.8436,0.201025,1.65420833333333,NA
2015,7,"NAPL",6,0.787912087912088,1.03333333333333,38.8666666666667,76,4,14,18,1,0.9824,0.8436,0.257,7.0023,NA,0.441166666666667,0.8436,0.201025,1.65420833333333,NA
2015,7,"NAPL",7,0.522821553446553,0.79,35.8,70,0,4,4,1,0.9824,0.8436,0.257,7.0023,NA,0.441166666666667,0.8436,0.201025,1.65420833333333,NA
2015,7,"NAPL",8,0.642916666666667,0.808333333333333,34.04,62,4,3,7,1,0.9824,0.8436,0.257,7.0023,NA,0.441166666666667,0.8436,0.201025,1.65420833333333,NA
2016,7,"ABUR",1,0.0875,0.35,23,29,0,0,0,1,2.275,10.2,1.01,3.9074,1.1005,0.527516666666667,2.7374,0.334908333333333,1.984375,0.7478375
2016,7,"ABUR",2,0.025,0.1,NA,NA,0,0,0,1,2.275,10.2,1.01,3.9074,1.1005,0.527516666666667,2.7374,0.334908333333333,1.984375,0.7478375
2016,7,"AQUE",1,1.05845588235294,1.1,29.4782608695652,45,0,17,17,NA,NA,NA,NA,NA,NA,NA,NA,NA,NA,NA
2016,7,"AQUE",2,0.5475,0.9,39.5454545454545,73,0,29,29,NA,NA,NA,NA,NA,NA,NA,NA,NA,NA,NA
2016,7,"AQUE",3,1.04822916666667,1.96666666666667,65.25,85,3,1,4,NA,NA,NA,NA,NA,NA,NA,NA,NA,NA,NA
2016,7,"AQUE",4,0.374307065217391,0.75,31.5,32,0,3,3,NA,NA,NA,NA,NA,NA,NA,NA,NA,NA,NA
2016,7,"AQUE",5,0.61875,0.9,45.6666666666667,110,0,0,0,NA,NA,NA,NA,NA,NA,NA,NA,NA,NA,NA
2016,7,"AQUE",6,0.594791666666667,1.1,44.8181818181818,70,0,1,1,NA,NA,NA,NA,NA,NA,NA,NA,NA,NA,NA
2016,7,"BULL",1,0.267317977915804,0.391666666666667,30.5,40,0,14,14,NA,NA,NA,NA,NA,NA,NA,NA,NA,NA,NA
2016,7,"BULL",3,0.156428571428571,0.25,NA,NA,0,2,2,NA,NA,NA,NA,NA,NA,NA,NA,NA,NA,NA
2016,7,"BULL",6,0.556845238095238,0.866666666666667,47.8333333333333,67,0,0,0,NA,NA,NA,NA,NA,NA,NA,NA,NA,NA,NA
2016,7,"CARP",1,0.310084418987721,0.510377358490566,NA,NA,0,3,3,1,1.692,7.81,0.825,3.4442,1.12,0.5232,3.775,0.320209090909091,1.80945,0.6441
2016,7,"CARP",2,0.162214052287582,0.25,NA,NA,0,5,5,1,1.692,7.81,0.825,3.4442,1.12,0.5232,3.775,0.320209090909091,1.80945,0.6441
2016,7,"CARP",3,0.242267775797188,0.291764705882353,24.7142857142857,30,4,27,31,1,1.692,7.81,0.825,3.4442,1.12,0.5232,3.775,0.320209090909091,1.80945,0.6441
2016,7,"CARP",4,0.279161954099732,0.33135593220339,26,28,1,68,69,1,1.692,7.81,0.825,3.4442,1.12,0.5232,3.775,0.320209090909091,1.80945,0.6441
2016,7,"CARP",5,0.215692823075176,0.242857142857143,24.75,27,0,11,11,1,1.692,7.81,0.825,3.4442,1.12,0.5232,3.775,0.320209090909091,1.80945,0.6441
2016,7,"CARP",6,0.285003496058988,0.516666666666667,27,28,1,114,115,1,1.692,7.81,0.825,3.4442,1.12,0.5232,3.775,0.320209090909091,1.80945,0.6441
2016,7,"CARP",7,0.126121794871795,0.16,21.6666666666667,24,6,122,128,1,1.692,7.81,0.825,3.4442,1.12,0.5232,3.775,0.320209090909091,1.80945,0.6441
2016,7,"CARP",8,0.215400362318841,0.247916666666667,26,31,1,102,103,1,1.692,7.81,0.825,3.4442,1.12,0.5232,3.775,0.320209090909091,1.80945,0.6441
2016,7,"MOHK",1,0.167420098670099,0.207142857142857,NA,NA,0,6,6,1,1.22,7.44,0.806,3.9451,2.0136,0.6069,3.432,0.310283333333333,1.7113,0.733925
2016,7,"MOHK",2,0.173662547244202,0.216666666666667,34,53,0,10,10,1,1.22,7.44,0.806,3.9451,2.0136,0.6069,3.432,0.310283333333333,1.7113,0.733925
2016,7,"NAPL",1,0.309257669413919,0.389285714285714,25.9166666666667,40,11,13,24,1,0.803,8.48,1.05,6.3071,2.2332,0.575514285714286,2.3926,0.364572727272727,2.15433333333333,0.780525
2016,7,"NAPL",2,0.458397031068525,0.554761904761905,27.0882352941176,45,6,5,11,1,0.803,8.48,1.05,6.3071,2.2332,0.575514285714286,2.3926,0.364572727272727,2.15433333333333,0.780525
2016,7,"NAPL",3,0.409216775166898,0.497368421052632,33.1333333333333,60,18,8,26,1,0.803,8.48,1.05,6.3071,2.2332,0.575514285714286,2.3926,0.364572727272727,2.15433333333333,0.780525
2016,7,"NAPL",4,0.126815610859729,0.16,NA,NA,0,0,0,1,0.803,8.48,1.05,6.3071,2.2332,0.575514285714286,2.3926,0.364572727272727,2.15433333333333,0.780525
2016,7,"NAPL",5,0.330361766232268,0.417241379310345,32.3333333333333,39,3,0,3,1,0.803,8.48,1.05,6.3071,2.2332,0.575514285714286,2.3926,0.364572727272727,2.15433333333333,0.780525
2016,7,"NAPL",6,0.63170621657754,0.71875,43.1333333333333,69,5,5,10,1,0.803,8.48,1.05,6.3071,2.2332,0.575514285714286,2.3926,0.364572727272727,2.15433333333333,0.780525
2016,7,"NAPL",7,0.374761872286253,0.491666666666667,26.1142857142857,44,0,3,3,1,0.803,8.48,1.05,6.3071,2.2332,0.575514285714286,2.3926,0.364572727272727,2.15433333333333,0.780525
2016,7,"NAPL",8,0.34725,0.4,23.5238095238095,33,4,4,8,1,0.803,8.48,1.05,6.3071,2.2332,0.575514285714286,2.3926,0.364572727272727,2.15433333333333,0.780525
2017,7,"ABUR",1,0.025,0.1,NA,NA,0,0,0,1,1.595,1.5243,0.5441,6.2946,0.958,0.625475,1.09206666666667,0.23067,2.57436666666667,0.342725
2017,7,"ABUR",2,0.06875,0.175,NA,NA,0,0,0,1,1.595,1.5243,0.5441,6.2946,0.958,0.625475,1.09206666666667,0.23067,2.57436666666667,0.342725
2017,7,"AQUE",1,0.8325,2.53,61.4285714285714,95,9,0,9,NA,NA,NA,NA,NA,NA,NA,NA,NA,NA,NA
2017,7,"AQUE",2,1,2.1,53.3333333333333,60,4,38,42,NA,NA,NA,NA,NA,NA,NA,NA,NA,NA,NA
2017,7,"AQUE",3,1.8025,2.65,65.4166666666667,105,4,25,29,NA,NA,NA,NA,NA,NA,NA,NA,NA,NA,NA
2017,7,"AQUE",4,0.711964285714286,0.942857142857143,39.2857142857143,57,0,5,5,NA,NA,NA,NA,NA,NA,NA,NA,NA,NA,NA
2017,7,"AQUE",5,0.820347222222222,0.97,35.1739130434783,61,4,5,9,NA,NA,NA,NA,NA,NA,NA,NA,NA,NA,NA
2017,7,"AQUE",6,0.775555555555556,1.31666666666667,53.5,97,0,4,4,NA,NA,NA,NA,NA,NA,NA,NA,NA,NA,NA
2017,7,"BULL",1,0.488690476190476,1.02142857142857,47.4,78,0,1,1,NA,NA,NA,NA,NA,NA,NA,NA,NA,NA,NA
2017,7,"BULL",3,0.8875,1.95,54.75,82,0,0,0,NA,NA,NA,NA,NA,NA,NA,NA,NA,NA,NA
2017,7,"BULL",6,0.85,1.45,33,44,0,0,0,NA,NA,NA,NA,NA,NA,NA,NA,NA,NA,NA
2017,7,"CARP",1,0.3215471161869,0.339705882352941,28.7619047619048,60,0,4,4,1,1.804,2.6236,0.584,10.7548,1.3579,0.886627272727273,1.40505,0.293309090909091,2.84463333333333,0.513375
2017,7,"CARP",2,1.79019230769231,2.2,54.9285714285714,120,0,18,18,1,1.804,2.6236,0.584,10.7548,1.3579,0.886627272727273,1.40505,0.293309090909091,2.84463333333333,0.513375
2017,7,"CARP",3,1.05190476190476,1.47,44.625,70,3,47,50,1,1.804,2.6236,0.584,10.7548,1.3579,0.886627272727273,1.40505,0.293309090909091,2.84463333333333,0.513375
2017,7,"CARP",4,0.45375,0.633333333333333,33.6666666666667,44,3,86,89,1,1.804,2.6236,0.584,10.7548,1.3579,0.886627272727273,1.40505,0.293309090909091,2.84463333333333,0.513375
2017,7,"CARP",5,1.13288194444444,1.96666666666667,35.2571428571429,89,0,10,10,1,1.804,2.6236,0.584,10.7548,1.3579,0.886627272727273,1.40505,0.293309090909091,2.84463333333333,0.513375
2017,7,"CARP",6,0.90625,1.45,34.875,55,0,123,123,1,1.804,2.6236,0.584,10.7548,1.3579,0.886627272727273,1.40505,0.293309090909091,2.84463333333333,0.513375
2017,7,"CARP",7,1.28090277777778,3.01111111111111,51.1363636363636,96,3,76,79,1,1.804,2.6236,0.584,10.7548,1.3579,0.886627272727273,1.40505,0.293309090909091,2.84463333333333,0.513375
2017,7,"CARP",8,1.08632352941176,1.51,37.695652173913,70,3,94,97,1,1.804,2.6236,0.584,10.7548,1.3579,0.886627272727273,1.40505,0.293309090909091,2.84463333333333,0.513375
2017,7,"MOHK",1,1.18333333333333,1.5875,36.125,50,2,7,9,1,1.309,2.1217,0.5431,7.5007,0.988,0.9303,1.45976666666667,0.26346,2.58481666666667,0.2837
2017,7,"MOHK",2,1.36151879370629,1.88636363636364,46.5434782608696,85,0,2,2,1,1.309,2.1217,0.5431,7.5007,0.988,0.9303,1.45976666666667,0.26346,2.58481666666667,0.2837
2017,7,"NAPL",1,0.25304953141896,0.324390243902439,31.7333333333333,44,9,4,13,1,1.122,1.9444,0.5971,7.1364,0.755,0.513925,1.35023333333333,0.242533333333333,2.49720833333333,0.329109090909091
2017,7,"NAPL",2,0.218836743822797,0.235616438356164,31.2,42,5,11,16,1,1.122,1.9444,0.5971,7.1364,0.755,0.513925,1.35023333333333,0.242533333333333,2.49720833333333,0.329109090909091
2017,7,"NAPL",3,0.273504559874677,0.364179104477612,25.7368421052632,32,4,14,18,1,1.122,1.9444,0.5971,7.1364,0.755,0.513925,1.35023333333333,0.242533333333333,2.49720833333333,0.329109090909091
2017,7,"NAPL",4,0.0375,0.1,NA,NA,0,15,15,1,1.122,1.9444,0.5971,7.1364,0.755,0.513925,1.35023333333333,0.242533333333333,2.49720833333333,0.329109090909091
2017,7,"NAPL",5,0.215411400364711,0.297368421052632,26.1666666666667,32,0,11,11,1,1.122,1.9444,0.5971,7.1364,0.755,0.513925,1.35023333333333,0.242533333333333,2.49720833333333,0.329109090909091
2017,7,"NAPL",6,0.224487920168067,0.319642857142857,28,35,5,8,13,1,1.122,1.9444,0.5971,7.1364,0.755,0.513925,1.35023333333333,0.242533333333333,2.49720833333333,0.329109090909091
2017,7,"NAPL",7,0.209954710144928,0.245652173913043,28.8333333333333,40,0,1,1,1,1.122,1.9444,0.5971,7.1364,0.755,0.513925,1.35023333333333,0.242533333333333,2.49720833333333,0.329109090909091
2017,7,"NAPL",8,0.185826901682659,0.261111111111111,28.6,40,1,0,1,1,1.122,1.9444,0.5971,7.1364,0.755,0.513925,1.35023333333333,0.242533333333333,2.49720833333333,0.329109090909091
2018,7,"ABUR",1,0,0,NA,NA,0,0,0,1,0.6281,3.8122,0.639,5.9272,0.5065,0.443733333333333,1.64982,0.3216,1.97130833333333,0.272516666666667
2018,7,"ABUR",2,1.49517857142857,2.01428571428571,36.1428571428571,70,0,0,0,1,0.6281,3.8122,0.639,5.9272,0.5065,0.443733333333333,1.64982,0.3216,1.97130833333333,0.272516666666667
2018,7,"AQUE",1,1.25572916666667,2.7,46.2727272727273,85,0,9,9,NA,NA,NA,NA,NA,NA,NA,NA,NA,NA,NA
2018,7,"AQUE",2,0.208333333333333,0.833333333333333,37.3333333333333,55,2,24,26,NA,NA,NA,NA,NA,NA,NA,NA,NA,NA,NA
2018,7,"AQUE",3,1.771875,2.575,56.7,112,10,46,56,NA,NA,NA,NA,NA,NA,NA,NA,NA,NA,NA
2018,7,"AQUE",4,1.28875,2.625,54.3333333333333,88,0,30,30,NA,NA,NA,NA,NA,NA,NA,NA,NA,NA,NA
2018,7,"AQUE",5,0.814166666666667,1.05,56.1428571428571,90,0,13,13,NA,NA,NA,NA,NA,NA,NA,NA,NA,NA,NA
2018,7,"AQUE",6,1.990625,4.15,99.5714285714286,115,0,6,6,NA,NA,NA,NA,NA,NA,NA,NA,NA,NA,NA
2018,7,"CARP",1,0.141682692307692,0.21,NA,NA,0,4,4,1,3.6293,5.0666,1.0938,12.4583,0.5414,0.963714285714286,1.39542857142857,0.463466666666667,2.89495,0.2166
2018,7,"CARP",2,0,0,NA,NA,0,10,10,1,3.6293,5.0666,1.0938,12.4583,0.5414,0.963714285714286,1.39542857142857,0.463466666666667,2.89495,0.2166
2018,7,"CARP",3,0.0125,0.05,NA,NA,5,55,60,1,3.6293,5.0666,1.0938,12.4583,0.5414,0.963714285714286,1.39542857142857,0.463466666666667,2.89495,0.2166
2018,7,"CARP",4,0,0,NA,NA,2,85,87,1,3.6293,5.0666,1.0938,12.4583,0.5414,0.963714285714286,1.39542857142857,0.463466666666667,2.89495,0.2166
2018,7,"CARP",5,0,0,NA,NA,0,13,13,1,3.6293,5.0666,1.0938,12.4583,0.5414,0.963714285714286,1.39542857142857,0.463466666666667,2.89495,0.2166
2018,7,"CARP",6,0.595833333333333,2.13333333333333,51.6,100,5,166,171,1,3.6293,5.0666,1.0938,12.4583,0.5414,0.963714285714286,1.39542857142857,0.463466666666667,2.89495,0.2166
2018,7,"CARP",7,0.7125,2.05,52,68,15,99,114,1,3.6293,5.0666,1.0938,12.4583,0.5414,0.963714285714286,1.39542857142857,0.463466666666667,2.89495,0.2166
2018,7,"CARP",8,0.0625,0.25,NA,NA,4,90,94,1,3.6293,5.0666,1.0938,12.4583,0.5414,0.963714285714286,1.39542857142857,0.463466666666667,2.89495,0.2166
2018,7,"MOHK",1,0.953125,2.1,43,65,4,8,12,1,1.0403,3.3686,0.5539,4.8552,0.7182,0.615,1.263175,0.352116666666667,1.775225,0.319811111111111
2018,7,"MOHK",2,1.75955357142857,2.815,50.7931034482759,125,0,12,12,1,1.0403,3.3686,0.5539,4.8552,0.7182,0.615,1.263175,0.352116666666667,1.775225,0.319811111111111
2018,7,"NAPL",1,0.77920008912656,0.979411764705882,NA,NA,26,56,82,1,4.218,3.5785,0.6172,4.4732,0.48,2.7477,1.517575,0.289422222222222,1.91315833333333,0.173875
2018,7,"NAPL",2,0.645455684666211,0.763333333333333,NA,NA,16,55,71,1,4.218,3.5785,0.6172,4.4732,0.48,2.7477,1.517575,0.289422222222222,1.91315833333333,0.173875
2018,7,"NAPL",3,0.980208333333333,1.36666666666667,36.5384615384615,60,22,58,80,1,4.218,3.5785,0.6172,4.4732,0.48,2.7477,1.517575,0.289422222222222,1.91315833333333,0.173875
2018,7,"NAPL",4,0.2125,0.4,26.5,28,33,117,150,1,4.218,3.5785,0.6172,4.4732,0.48,2.7477,1.517575,0.289422222222222,1.91315833333333,0.173875
2018,7,"NAPL",5,1.16928571428571,1.52142857142857,40.6538461538462,65,17,58,75,1,4.218,3.5785,0.6172,4.4732,0.48,2.7477,1.517575,0.289422222222222,1.91315833333333,0.173875
2018,7,"NAPL",6,1.07708333333333,1.45,42.4545454545455,65,17,77,94,1,4.218,3.5785,0.6172,4.4732,0.48,2.7477,1.517575,0.289422222222222,1.91315833333333,0.173875
2018,7,"NAPL",7,1.1296875,1.525,NA,NA,7,52,59,1,4.218,3.5785,0.6172,4.4732,0.48,2.7477,1.517575,0.289422222222222,1.91315833333333,0.173875
2018,7,"NAPL",8,0.707857142857143,0.75,NA,NA,5,28,33,1,4.218,3.5785,0.6172,4.4732,0.48,2.7477,1.517575,0.289422222222222,1.91315833333333,0.173875
2018,8,"BULL",1,0.2546875,0.525,30.5,42,0,0,0,NA,NA,NA,NA,NA,NA,NA,NA,NA,NA,NA
2018,8,"BULL",3,2.475,9.1,71.25,180,0,0,0,NA,NA,NA,NA,NA,NA,NA,NA,NA,NA,NA
2018,8,"BULL",6,1.03229166666667,1.56666666666667,54.1428571428571,120,0,5,5,NA,NA,NA,NA,NA,NA,NA,NA,NA,NA,NA
